dataset,model,balancing,feature_selection,dimred,tuning,max_mem,time
credit_card_clients,Reweighing,False,False,False,True,710.895,9.216
credit_card_clients,LFR,False,False,False,True,1257.703,4242.054
credit_card_clients,DisparateImpactRemover,False,False,False,True,928.945,36.79
credit_card_clients,Fair-SMOTE,False,False,False,True,966.418,251.316
credit_card_clients,FairSSL-xT,False,False,False,True,1032.418,205.386
credit_card_clients,FairSSL-Lx,False,False,False,True,1121.391,228.114
credit_card_clients,LTDD,False,False,False,True,714.152,10.565
credit_card_clients,PrejudiceRemover,False,False,False,True,898.141,175.837
credit_card_clients,SquaredDifferenceFairLogistic,False,False,False,True,4195.078,103.075
credit_card_clients,FairnessConstraintModel,False,False,False,True,1357.059,109.607
credit_card_clients,DisparateMistreatmentModel,False,False,False,True,1548.438,545.801
credit_card_clients,ConvexFrameworkModel,False,False,False,True,25291.844,2417.295
credit_card_clients,HSICLinearRegression,False,False,False,True,771.555,15.627
credit_card_clients,GerryFairClassifier,False,False,False,True,802.383,22.109
credit_card_clients,AdversarialDebiasing,False,False,False,True,781.043,63.906
credit_card_clients,ExponentiatedGradientReduction,False,False,False,True,733.316,122.288
credit_card_clients,GridSearchReduction,False,False,False,True,768.797,69.889
credit_card_clients,MetaFairClassifier,False,False,False,True,857.23,21.65
credit_card_clients,AdaFair,False,False,False,True,1016.438,2006.136
credit_card_clients,FAGTB,False,False,False,True,1204.68,2107.006
credit_card_clients,HGR,False,False,False,True,874.098,1077.453
credit_card_clients,FairDummies,False,False,False,True,992.355,2531.666
credit_card_clients,GeneralFairERM,False,False,False,True,1209.277,60.712
credit_card_clients,MultiAdversarialDebiasing,False,False,False,True,890.602,452.432
credit_card_clients,FairGeneralizedLinearModel,False,False,False,True,12920.797,331.665
credit_card_clients,GradualCompatibility,False,False,False,True,1459.707,7638.209
credit_card_clients,GetFair,False,False,False,True,1033.363,1508.971
credit_card_clients,RejectOptionClassification,False,False,False,True,3403.055,130.62
credit_card_clients,EqOddsPostprocessing,False,False,False,True,718.738,10.293
credit_card_clients,CalibratedEqOddsPostprocessing,False,False,False,True,726.047,10.232
credit_card_clients,JiangNachum,False,False,False,True,1041.223,178.382
credit_card_clients,DPAbstention,False,False,False,True,17606.266,265.698
credit_card_clients,FairBayesDPP,False,False,False,True,1463.543,1022.489
credit_card_clients,FaX,False,False,False,True,735.672,10.295
credit_card_clients,LevEqOpp,False,False,False,True,731.039,14.723
credit_card_clients,fairret,False,False,False,True,1007.355,953.222
credit_card_clients,PFR,False,False,False,True,12072.723,884.148
credit_card_clients,FairRR,False,False,False,True,871.246,20.008
credit_card_clients,GroupDebias,False,False,False,True,920.586,550.874
credit_card_clients,FS,False,False,False,True,783.863,27.085
credit_card_clients,iFlipper,False,False,False,True,7970.738,687.145
credit_card_clients,LFR,False,False,False,False,795.059,63.235
credit_card_clients,Fair-SMOTE,False,False,False,False,791.66,43.001
credit_card_clients,FairSSL-xT,False,False,False,False,810.824,22.334
credit_card_clients,FairSSL-Lx,False,False,False,False,847.375,22.684
credit_card_clients,PrejudiceRemover,False,False,False,False,870.996,44.132
credit_card_clients,SquaredDifferenceFairLogistic,False,False,False,False,4124.012,18.444
credit_card_clients,FairnessConstraintModel,False,False,False,False,1057.535,20.312
credit_card_clients,DisparateMistreatmentModel,False,False,False,False,1425.195,243.388
credit_card_clients,ConvexFrameworkModel,False,False,False,False,22112.375,152.749
credit_card_clients,FAGTB,False,False,False,False,755.797,82.417
credit_card_clients,HGR,False,False,False,False,811.578,57.765
credit_card_clients,FairDummies,False,False,False,False,738.145,67.585
credit_card_clients,FairGeneralizedLinearModel,False,False,False,False,12803.496,28.292
credit_card_clients,GetFair,False,False,False,False,820.742,244.853
credit_card_clients,RejectOptionClassification,False,False,False,False,1362.883,40.761
credit_card_clients,DPAbstention,False,False,False,False,17536.016,38.541
credit_card_clients,FairBayesDPP,False,False,False,False,1439.395,279.851
credit_card_clients,fairret,False,False,False,False,763.336,34.424
credit_card_clients,PFR,False,False,False,False,8607.145,62.476
credit_card_clients,iFlipper,False,False,False,False,5140.672,92.951
credit_card_clients,LFR,False,False,True,False,802.906,63.45
credit_card_clients,Fair-SMOTE,False,False,True,False,794.266,42.768
credit_card_clients,FairSSL-xT,False,False,True,False,806.461,22.001
credit_card_clients,FairSSL-Lx,False,False,True,False,854.594,22.751
credit_card_clients,PrejudiceRemover,False,False,True,False,878.121,44.518
credit_card_clients,SquaredDifferenceFairLogistic,False,False,True,False,3935.016,18.45
credit_card_clients,FairnessConstraintModel,False,False,True,False,1096.637,20.041
credit_card_clients,DisparateMistreatmentModel,False,False,True,False,1389.977,229.272
credit_card_clients,ConvexFrameworkModel,False,False,True,False,23287.301,126.102
credit_card_clients,FAGTB,False,False,True,False,776.289,154.574
credit_card_clients,HGR,False,False,True,False,829.164,56.688
credit_card_clients,FairDummies,False,False,True,False,738.734,68.795
credit_card_clients,FairGeneralizedLinearModel,False,False,True,False,12320.453,26.725
credit_card_clients,GetFair,False,False,True,False,831.84,249.567
credit_card_clients,RejectOptionClassification,False,False,True,False,1370.172,40.896
credit_card_clients,DPAbstention,False,False,True,False,17549.227,38.084
credit_card_clients,FairBayesDPP,False,False,True,False,1436.43,287.03
credit_card_clients,fairret,False,False,True,False,758.84,34.361
credit_card_clients,PFR,False,False,True,False,8614.434,61.192
credit_card_clients,iFlipper,False,False,True,False,5137.328,80.02
credit_card_clients,LFR,False,VT,False,False,804.57,67.426
credit_card_clients,Fair-SMOTE,False,VT,False,False,798.91,43.261
credit_card_clients,FairSSL-xT,False,VT,False,False,804.969,22.333
credit_card_clients,FairSSL-Lx,False,VT,False,False,836.0,22.426
credit_card_clients,PrejudiceRemover,False,VT,False,False,879.59,44.141
credit_card_clients,SquaredDifferenceFairLogistic,False,VT,False,False,4156.41,18.248
credit_card_clients,FairnessConstraintModel,False,VT,False,False,1109.695,20.921
credit_card_clients,DisparateMistreatmentModel,False,VT,False,False,1442.02,244.769
credit_card_clients,ConvexFrameworkModel,False,VT,False,False,24738.996,125.972
credit_card_clients,FAGTB,False,VT,False,False,751.016,82.93
credit_card_clients,HGR,False,VT,False,False,808.176,55.162
credit_card_clients,FairDummies,False,VT,False,False,744.738,67.542
credit_card_clients,FairGeneralizedLinearModel,False,VT,False,False,12714.441,27.708
credit_card_clients,GetFair,False,VT,False,False,833.555,242.682
credit_card_clients,RejectOptionClassification,False,VT,False,False,1361.68,40.9
credit_card_clients,DPAbstention,False,VT,False,False,17431.453,38.478
credit_card_clients,FairBayesDPP,False,VT,False,False,1434.594,280.61
credit_card_clients,fairret,False,VT,False,False,748.633,34.511
credit_card_clients,PFR,False,VT,False,False,8625.469,61.885
credit_card_clients,iFlipper,False,VT,False,False,5126.242,92.086
credit_card_clients,LFR,False,VT,True,False,818.812,65.59
credit_card_clients,Fair-SMOTE,False,VT,True,False,803.477,43.383
credit_card_clients,FairSSL-xT,False,VT,True,False,812.461,22.246
credit_card_clients,FairSSL-Lx,False,VT,True,False,856.27,22.676
credit_card_clients,PrejudiceRemover,False,VT,True,False,901.324,44.08
credit_card_clients,SquaredDifferenceFairLogistic,False,VT,True,False,4141.625,18.911
credit_card_clients,FairnessConstraintModel,False,VT,True,False,1057.551,20.041
credit_card_clients,DisparateMistreatmentModel,False,VT,True,False,1428.895,227.77
credit_card_clients,ConvexFrameworkModel,False,VT,True,False,24832.445,120.269
credit_card_clients,FAGTB,False,VT,True,False,764.707,156.273
credit_card_clients,HGR,False,VT,True,False,819.832,56.038
credit_card_clients,FairDummies,False,VT,True,False,754.062,71.144
credit_card_clients,FairGeneralizedLinearModel,False,VT,True,False,12254.121,28.593
credit_card_clients,GetFair,False,VT,True,False,833.113,235.252
credit_card_clients,RejectOptionClassification,False,VT,True,False,1377.727,42.696
credit_card_clients,DPAbstention,False,VT,True,False,17564.078,38.573
credit_card_clients,FairBayesDPP,False,VT,True,False,1421.652,285.85
credit_card_clients,fairret,False,VT,True,False,761.371,34.542
credit_card_clients,PFR,False,VT,True,False,8611.203,61.097
credit_card_clients,iFlipper,False,VT,True,False,5161.586,81.781
credit_card_clients,LFR,False,RFECV,False,False,762.82,38.476
credit_card_clients,Fair-SMOTE,False,RFECV,False,False,764.312,35.982
credit_card_clients,FairSSL-xT,False,RFECV,False,False,766.461,27.937
credit_card_clients,FairSSL-Lx,False,RFECV,False,False,802.316,28.366
credit_card_clients,PrejudiceRemover,False,RFECV,False,False,821.441,51.438
credit_card_clients,SquaredDifferenceFairLogistic,False,RFECV,False,False,4130.062,26.349
credit_card_clients,FairnessConstraintModel,False,RFECV,False,False,931.438,24.938
credit_card_clients,DisparateMistreatmentModel,False,RFECV,False,False,1445.203,93.547
credit_card_clients,ConvexFrameworkModel,False,RFECV,False,False,5822.453,28.65
credit_card_clients,FAGTB,False,RFECV,False,False,764.5,21.673
credit_card_clients,HGR,False,RFECV,False,False,779.453,71.175
credit_card_clients,FairDummies,False,RFECV,False,False,746.602,75.697
credit_card_clients,FairGeneralizedLinearModel,False,RFECV,False,False,4228.254,24.655
credit_card_clients,GetFair,False,RFECV,False,False,822.125,207.135
credit_card_clients,RejectOptionClassification,False,RFECV,False,False,1326.102,46.687
credit_card_clients,DPAbstention,False,RFECV,False,False,17481.605,35.225
credit_card_clients,FairBayesDPP,False,RFECV,False,False,1419.152,321.805
credit_card_clients,fairret,False,RFECV,False,False,773.273,43.015
credit_card_clients,PFR,False,RFECV,False,False,8640.004,54.808
credit_card_clients,iFlipper,False,RFECV,False,False,5506.75,71.554
credit_card_clients,LFR,False,RFECV,True,False,817.555,62.44
credit_card_clients,Fair-SMOTE,False,RFECV,True,False,818.207,48.609
credit_card_clients,FairSSL-xT,False,RFECV,True,False,804.348,28.142
credit_card_clients,FairSSL-Lx,False,RFECV,True,False,842.773,28.575
credit_card_clients,PrejudiceRemover,False,RFECV,True,False,907.914,51.239
credit_card_clients,SquaredDifferenceFairLogistic,False,RFECV,True,False,4059.949,25.297
credit_card_clients,FairnessConstraintModel,False,RFECV,True,False,1035.02,23.977
credit_card_clients,DisparateMistreatmentModel,False,RFECV,True,False,1517.082,224.638
credit_card_clients,ConvexFrameworkModel,False,RFECV,True,False,24926.879,57.234
credit_card_clients,FAGTB,False,RFECV,True,False,787.164,123.114
credit_card_clients,HGR,False,RFECV,True,False,838.879,66.078
credit_card_clients,FairDummies,False,RFECV,True,False,798.352,74.812
credit_card_clients,FairGeneralizedLinearModel,False,RFECV,True,False,9052.191,30.645
credit_card_clients,GetFair,False,RFECV,True,False,852.316,258.339
credit_card_clients,RejectOptionClassification,False,RFECV,True,False,1363.738,47.018
credit_card_clients,DPAbstention,False,RFECV,True,False,17432.008,40.793
credit_card_clients,FairBayesDPP,False,RFECV,True,False,1447.559,277.812
credit_card_clients,fairret,False,RFECV,True,False,806.953,41.033
credit_card_clients,PFR,False,RFECV,True,False,8635.914,65.156
credit_card_clients,iFlipper,False,RFECV,True,False,5144.543,84.112
credit_card_clients,LFR,classic,False,False,False,865.176,105.876
credit_card_clients,Fair-SMOTE,classic,False,False,False,826.152,28.262
credit_card_clients,FairSSL-xT,classic,False,False,False,896.281,47.741
credit_card_clients,FairSSL-Lx,classic,False,False,False,1179.297,72.117
credit_card_clients,PrejudiceRemover,classic,False,False,False,989.762,62.381
credit_card_clients,SquaredDifferenceFairLogistic,classic,False,False,False,8796.496,34.668
credit_card_clients,FairnessConstraintModel,classic,False,False,False,1210.496,30.156
credit_card_clients,DisparateMistreatmentModel,classic,False,False,False,1771.508,265.533
credit_card_clients,ConvexFrameworkModel,classic,False,False,False,24738.504,501.192
credit_card_clients,FAGTB,classic,False,False,False,812.379,139.374
credit_card_clients,HGR,classic,False,False,False,864.508,84.511
credit_card_clients,FairDummies,classic,False,False,False,798.547,105.973
credit_card_clients,FairGeneralizedLinearModel,classic,False,False,False,22816.086,50.956
credit_card_clients,GetFair,classic,False,False,False,844.793,110.54
credit_card_clients,RejectOptionClassification,classic,False,False,False,1719.797,62.462
credit_card_clients,DPAbstention,classic,False,False,False,25383.844,91.306
credit_card_clients,FairBayesDPP,classic,False,False,False,2342.422,857.878
credit_card_clients,fairret,classic,False,False,False,792.555,54.825
credit_card_clients,PFR,classic,False,False,False,18332.668,133.016
credit_card_clients,iFlipper,classic,False,False,False,8639.047,211.042
credit_card_clients,LFR,classic,False,True,False,904.578,102.335
credit_card_clients,Fair-SMOTE,classic,False,True,False,852.461,28.658
credit_card_clients,FairSSL-xT,classic,False,True,False,910.746,55.09
credit_card_clients,FairSSL-Lx,classic,False,True,False,1312.418,93.526
credit_card_clients,PrejudiceRemover,classic,False,True,False,1022.051,70.849
credit_card_clients,SquaredDifferenceFairLogistic,classic,False,True,False,8810.262,35.877
credit_card_clients,FairnessConstraintModel,classic,False,True,False,1286.934,31.581
credit_card_clients,DisparateMistreatmentModel,classic,False,True,False,1785.258,200.087
credit_card_clients,ConvexFrameworkModel,classic,False,True,False,24212.574,484.287
credit_card_clients,FAGTB,classic,False,True,False,814.707,242.063
credit_card_clients,HGR,classic,False,True,False,884.449,92.118
credit_card_clients,FairDummies,classic,False,True,False,824.844,108.614
credit_card_clients,FairGeneralizedLinearModel,classic,False,True,False,21889.289,50.669
credit_card_clients,GetFair,classic,False,True,False,845.727,104.71
credit_card_clients,RejectOptionClassification,classic,False,True,False,1732.637,63.948
credit_card_clients,DPAbstention,classic,False,True,False,25006.145,96.24
credit_card_clients,FairBayesDPP,classic,False,True,False,2285.602,869.81
credit_card_clients,fairret,classic,False,True,False,823.91,54.07
credit_card_clients,PFR,classic,False,True,False,18315.844,132.337
credit_card_clients,iFlipper,classic,False,True,False,8724.113,539.826
credit_card_clients,LFR,classic,VT,False,False,889.875,94.901
credit_card_clients,Fair-SMOTE,classic,VT,False,False,848.102,23.818
credit_card_clients,FairSSL-xT,classic,VT,False,False,870.438,43.233
credit_card_clients,FairSSL-Lx,classic,VT,False,False,1197.285,63.423
credit_card_clients,PrejudiceRemover,classic,VT,False,False,956.086,58.963
credit_card_clients,SquaredDifferenceFairLogistic,classic,VT,False,False,8710.844,27.146
credit_card_clients,FairnessConstraintModel,classic,VT,False,False,1225.57,26.401
credit_card_clients,DisparateMistreatmentModel,classic,VT,False,False,1785.258,200.087
credit_card_clients,ConvexFrameworkModel,classic,VT,False,False,25703.055,561.523
credit_card_clients,FAGTB,classic,VT,False,False,801.941,125.638
credit_card_clients,HGR,classic,VT,False,False,845.469,71.258
credit_card_clients,FairDummies,classic,VT,False,False,783.453,89.634
credit_card_clients,FairGeneralizedLinearModel,classic,VT,False,False,22857.93,45.719
credit_card_clients,GetFair,classic,VT,False,False,895.168,121.702
credit_card_clients,RejectOptionClassification,classic,VT,False,False,1723.035,52.665
credit_card_clients,DPAbstention,classic,VT,False,False,25583.031,87.301
credit_card_clients,FairBayesDPP,classic,VT,False,False,2347.047,862.913
credit_card_clients,fairret,classic,VT,False,False,812.48,53.24
credit_card_clients,PFR,classic,VT,False,False,18338.051,129.474
credit_card_clients,iFlipper,classic,VT,False,False,8623.379,223.396
credit_card_clients,LFR,classic,VT,True,False,898.012,101.804
credit_card_clients,Fair-SMOTE,classic,VT,True,False,827.629,27.072
credit_card_clients,FairSSL-xT,classic,VT,True,False,892.676,53.58
credit_card_clients,FairSSL-Lx,classic,VT,True,False,1271.035,84.667
credit_card_clients,PrejudiceRemover,classic,VT,True,False,1007.543,59.36
credit_card_clients,SquaredDifferenceFairLogistic,classic,VT,True,False,8718.609,33.548
credit_card_clients,FairnessConstraintModel,classic,VT,True,False,1184.246,30.165
credit_card_clients,DisparateMistreatmentModel,classic,VT,True,False,1689.691,225.223
credit_card_clients,ConvexFrameworkModel,classic,VT,True,False,24714.742,473.911
credit_card_clients,FAGTB,classic,VT,True,False,822.93,236.903
credit_card_clients,HGR,classic,VT,True,False,874.184,84.039
credit_card_clients,FairDummies,classic,VT,True,False,797.871,106.276
credit_card_clients,FairGeneralizedLinearModel,classic,VT,True,False,21835.125,49.321
credit_card_clients,GetFair,classic,VT,True,False,860.621,197.963
credit_card_clients,RejectOptionClassification,classic,VT,True,False,1730.043,62.589
credit_card_clients,DPAbstention,classic,VT,True,False,25317.238,92.959
credit_card_clients,FairBayesDPP,classic,VT,True,False,2278.926,863.884
credit_card_clients,fairret,classic,VT,True,False,814.578,53.492
credit_card_clients,PFR,classic,VT,True,False,18318.844,128.186
credit_card_clients,iFlipper,classic,VT,True,False,8663.379,235.059
credit_card_clients,LFR,classic,RFECV,False,False,844.977,72.071
credit_card_clients,Fair-SMOTE,classic,RFECV,False,False,833.543,34.033
credit_card_clients,FairSSL-xT,classic,RFECV,False,False,823.008,64.799
credit_card_clients,FairSSL-Lx,classic,RFECV,False,False,1797.809,172.747
credit_card_clients,PrejudiceRemover,classic,RFECV,False,False,906.164,76.281
credit_card_clients,SquaredDifferenceFairLogistic,classic,RFECV,False,False,8846.867,37.824
credit_card_clients,FairnessConstraintModel,classic,RFECV,False,False,1025.871,33.568
credit_card_clients,DisparateMistreatmentModel,classic,RFECV,False,False,1709.094,338.759
credit_card_clients,ConvexFrameworkModel,classic,RFECV,False,False,14886.414,56.774
credit_card_clients,FAGTB,classic,RFECV,False,False,854.312,40.53
credit_card_clients,HGR,classic,RFECV,False,False,848.738,102.119
credit_card_clients,FairDummies,classic,RFECV,False,False,845.289,118.513
credit_card_clients,FairGeneralizedLinearModel,classic,RFECV,False,False,10283.062,43.996
credit_card_clients,GetFair,classic,RFECV,False,False,857.555,152.364
credit_card_clients,RejectOptionClassification,classic,RFECV,False,False,1665.312,73.08
credit_card_clients,DPAbstention,classic,RFECV,False,False,24827.242,90.121
credit_card_clients,FairBayesDPP,classic,RFECV,False,False,2283.141,906.214
credit_card_clients,fairret,classic,RFECV,False,False,864.211,64.557
credit_card_clients,PFR,classic,RFECV,False,False,18331.285,122.759
credit_card_clients,iFlipper,classic,RFECV,False,False,8714.633,155.041
credit_card_clients,LFR,classic,RFECV,True,False,969.312,105.23
credit_card_clients,Fair-SMOTE,classic,RFECV,True,False,872.781,34.12
credit_card_clients,FairSSL-xT,classic,RFECV,True,False,921.496,49.731
credit_card_clients,FairSSL-Lx,classic,RFECV,True,False,1269.578,81.237
credit_card_clients,PrejudiceRemover,classic,RFECV,True,False,1077.918,54.055
credit_card_clients,SquaredDifferenceFairLogistic,classic,RFECV,True,False,8664.0,40.813
credit_card_clients,FairnessConstraintModel,classic,RFECV,True,False,1331.41,36.654
credit_card_clients,DisparateMistreatmentModel,classic,RFECV,True,False,1862.785,199.594
credit_card_clients,ConvexFrameworkModel,classic,RFECV,True,False,26183.367,235.217
credit_card_clients,FAGTB,classic,RFECV,True,False,863.227,216.695
credit_card_clients,HGR,classic,RFECV,True,False,910.773,86.006
credit_card_clients,FairDummies,classic,RFECV,True,False,866.223,99.753
credit_card_clients,FairGeneralizedLinearModel,classic,RFECV,True,False,17269.637,50.582
credit_card_clients,GetFair,classic,RFECV,True,False,921.824,175.596
credit_card_clients,RejectOptionClassification,classic,RFECV,True,False,1726.973,64.567
credit_card_clients,DPAbstention,classic,RFECV,True,False,25776.672,97.996
credit_card_clients,FairBayesDPP,classic,RFECV,True,False,2254.68,801.444
credit_card_clients,fairret,classic,RFECV,True,False,910.871,65.765
credit_card_clients,PFR,classic,RFECV,True,False,18352.555,132.418
credit_card_clients,iFlipper,classic,RFECV,True,False,8677.984,283.439
credit_card_clients,LFR,protected,False,False,False,924.316,130.986
credit_card_clients,Fair-SMOTE,protected,False,False,False,857.98,30.533
credit_card_clients,FairSSL-xT,protected,False,False,False,965.82,60.938
credit_card_clients,FairSSL-Lx,protected,False,False,False,1249.965,85.033
credit_card_clients,PrejudiceRemover,protected,False,False,False,1036.812,93.098
credit_card_clients,SquaredDifferenceFairLogistic,protected,False,False,False,12177.629,56.0
credit_card_clients,FairnessConstraintModel,protected,False,False,False,1317.031,48.143
credit_card_clients,DisparateMistreatmentModel,protected,False,False,False,1993.426,560.063
credit_card_clients,ConvexFrameworkModel,protected,False,False,False,25532.48,872.131
credit_card_clients,FAGTB,protected,False,False,False,831.098,184.117
credit_card_clients,HGR,protected,False,False,False,905.809,115.105
credit_card_clients,FairDummies,protected,False,False,False,829.75,144.928
credit_card_clients,FairGeneralizedLinearModel,protected,False,False,False,25038.27,143.189
credit_card_clients,GetFair,protected,False,False,False,857.012,124.404
credit_card_clients,RejectOptionClassification,protected,False,False,False,1899.336,84.222
credit_card_clients,DPAbstention,protected,False,False,False,25154.438,146.163
credit_card_clients,FairBayesDPP,protected,False,False,False,2967.113,1174.617
credit_card_clients,fairret,protected,False,False,False,819.414,72.129
credit_card_clients,PFR,protected,False,False,False,24784.82,192.252
credit_card_clients,iFlipper,protected,False,False,False,10605.668,311.027
credit_card_clients,LFR,protected,False,True,False,942.316,118.695
credit_card_clients,Fair-SMOTE,protected,False,True,False,878.551,31.609
credit_card_clients,FairSSL-xT,protected,False,True,False,952.605,56.105
credit_card_clients,FairSSL-Lx,protected,False,True,False,1174.445,73.525
credit_card_clients,PrejudiceRemover,protected,False,True,False,1065.871,82.015
credit_card_clients,SquaredDifferenceFairLogistic,protected,False,True,False,12178.477,55.595
credit_card_clients,FairnessConstraintModel,protected,False,True,False,1306.367,45.935
credit_card_clients,DisparateMistreatmentModel,protected,False,True,False,2040.711,358.667
credit_card_clients,ConvexFrameworkModel,protected,False,True,False,24700.844,550.551
credit_card_clients,FAGTB,protected,False,True,False,845.863,255.68
credit_card_clients,HGR,protected,False,True,False,934.441,94.281
credit_card_clients,FairDummies,protected,False,True,False,852.48,120.713
credit_card_clients,FairGeneralizedLinearModel,protected,False,True,False,25432.328,128.16
credit_card_clients,GetFair,protected,False,True,False,938.621,220.612
credit_card_clients,RejectOptionClassification,protected,False,True,False,1927.992,72.022
credit_card_clients,DPAbstention,protected,False,True,False,25546.496,136.648
credit_card_clients,FairBayesDPP,protected,False,True,False,2898.953,1059.508
credit_card_clients,fairret,protected,False,True,False,878.898,67.501
credit_card_clients,PFR,protected,False,True,False,24635.141,159.979
credit_card_clients,iFlipper,protected,False,True,False,10654.707,346.662
credit_card_clients,LFR,protected,VT,False,False,929.84,123.842
credit_card_clients,Fair-SMOTE,protected,VT,False,False,855.09,24.88
credit_card_clients,FairSSL-xT,protected,VT,False,False,946.238,49.771
credit_card_clients,FairSSL-Lx,protected,VT,False,False,1197.082,70.849
credit_card_clients,PrejudiceRemover,protected,VT,False,False,1005.66,75.169
credit_card_clients,SquaredDifferenceFairLogistic,protected,VT,False,False,12120.062,48.867
credit_card_clients,FairnessConstraintModel,protected,VT,False,False,1407.305,39.718
credit_card_clients,DisparateMistreatmentModel,protected,VT,False,False,1965.926,504.837
credit_card_clients,ConvexFrameworkModel,protected,VT,False,False,24073.055,849.959
credit_card_clients,FAGTB,protected,VT,False,False,837.355,184.935
credit_card_clients,HGR,protected,VT,False,False,899.398,110.233
credit_card_clients,FairDummies,protected,VT,False,False,834.504,143.861
credit_card_clients,FairGeneralizedLinearModel,protected,VT,False,False,25236.02,138.189
credit_card_clients,GetFair,protected,VT,False,False,855.879,150.048
credit_card_clients,RejectOptionClassification,protected,VT,False,False,1899.238,83.393
credit_card_clients,DPAbstention,protected,VT,False,False,25376.348,143.868
credit_card_clients,FairBayesDPP,protected,VT,False,False,2946.625,1156.718
credit_card_clients,fairret,protected,VT,False,False,813.117,73.655
credit_card_clients,PFR,protected,VT,False,False,24684.625,189.187
credit_card_clients,iFlipper,protected,VT,False,False,10601.855,1028.343
credit_card_clients,LFR,protected,VT,True,False,950.383,130.14
credit_card_clients,Fair-SMOTE,protected,VT,True,False,894.195,29.502
credit_card_clients,FairSSL-xT,protected,VT,True,False,956.723,57.095
credit_card_clients,FairSSL-Lx,protected,VT,True,False,1165.629,70.699
credit_card_clients,PrejudiceRemover,protected,VT,True,False,1086.492,150.43
credit_card_clients,SquaredDifferenceFairLogistic,protected,VT,True,False,12196.434,54.91
credit_card_clients,FairnessConstraintModel,protected,VT,True,False,1379.793,44.875
credit_card_clients,DisparateMistreatmentModel,protected,VT,True,False,2025.953,390.508
credit_card_clients,ConvexFrameworkModel,protected,VT,True,False,24772.18,513.278
credit_card_clients,FAGTB,protected,VT,True,False,876.09,292.955
credit_card_clients,HGR,protected,VT,True,False,913.566,91.346
credit_card_clients,FairDummies,protected,VT,True,False,870.957,120.202
credit_card_clients,FairGeneralizedLinearModel,protected,VT,True,False,25050.285,131.628
credit_card_clients,GetFair,protected,VT,True,False,933.098,179.187
credit_card_clients,RejectOptionClassification,protected,VT,True,False,1934.867,71.21
credit_card_clients,DPAbstention,protected,VT,True,False,25457.699,134.76
credit_card_clients,FairBayesDPP,protected,VT,True,False,3064.801,1056.463
credit_card_clients,fairret,protected,VT,True,False,870.527,68.09
credit_card_clients,PFR,protected,VT,True,False,24776.504,167.019
credit_card_clients,iFlipper,protected,VT,True,False,10683.219,689.103
credit_card_clients,LFR,protected,RFECV,False,False,913.906,78.078
credit_card_clients,Fair-SMOTE,protected,RFECV,False,False,896.34,39.539
credit_card_clients,FairSSL-xT,protected,RFECV,False,False,909.535,65.986
credit_card_clients,FairSSL-Lx,protected,RFECV,False,False,928.316,40.891
credit_card_clients,PrejudiceRemover,protected,RFECV,False,False,981.754,88.062
credit_card_clients,SquaredDifferenceFairLogistic,protected,RFECV,False,False,12248.109,53.441
credit_card_clients,FairnessConstraintModel,protected,RFECV,False,False,1124.367,44.418
credit_card_clients,DisparateMistreatmentModel,protected,RFECV,False,False,1678.211,212.219
credit_card_clients,ConvexFrameworkModel,protected,RFECV,False,False,18076.781,66.538
credit_card_clients,FAGTB,protected,RFECV,False,False,895.074,44.613
credit_card_clients,HGR,protected,RFECV,False,False,945.051,118.259
credit_card_clients,FairDummies,protected,RFECV,False,False,918.633,135.838
credit_card_clients,FairGeneralizedLinearModel,protected,RFECV,False,False,13771.719,54.385
credit_card_clients,GetFair,protected,RFECV,False,False,916.062,185.994
credit_card_clients,RejectOptionClassification,protected,RFECV,False,False,1843.906,95.933
credit_card_clients,DPAbstention,protected,RFECV,False,False,24365.035,145.615
credit_card_clients,FairBayesDPP,protected,RFECV,False,False,2834.621,1267.026
credit_card_clients,fairret,protected,RFECV,False,False,886.914,92.008
credit_card_clients,PFR,protected,RFECV,False,False,24700.57,155.32
credit_card_clients,iFlipper,protected,RFECV,False,False,11350.008,261.674
credit_card_clients,LFR,protected,RFECV,True,False,963.953,140.786
credit_card_clients,Fair-SMOTE,protected,RFECV,True,False,922.562,45.188
credit_card_clients,FairSSL-xT,protected,RFECV,True,False,1001.656,69.571
credit_card_clients,FairSSL-Lx,protected,RFECV,True,False,1246.375,91.01
credit_card_clients,PrejudiceRemover,protected,RFECV,True,False,1081.625,88.444
credit_card_clients,SquaredDifferenceFairLogistic,protected,RFECV,True,False,12260.598,70.567
credit_card_clients,FairnessConstraintModel,protected,RFECV,True,False,1362.43,57.868
credit_card_clients,DisparateMistreatmentModel,protected,RFECV,True,False,2027.199,377.156
credit_card_clients,ConvexFrameworkModel,protected,RFECV,True,False,25541.5,749.35
credit_card_clients,FAGTB,protected,RFECV,True,False,935.602,310.141
credit_card_clients,HGR,protected,RFECV,True,False,960.656,126.134
credit_card_clients,FairDummies,protected,RFECV,True,False,916.164,156.745
credit_card_clients,FairGeneralizedLinearModel,protected,RFECV,True,False,25426.137,107.25
credit_card_clients,GetFair,protected,RFECV,True,False,959.812,252.193
credit_card_clients,RejectOptionClassification,protected,RFECV,True,False,1925.066,98.139
credit_card_clients,DPAbstention,protected,RFECV,True,False,25400.812,156.79
credit_card_clients,FairBayesDPP,protected,RFECV,True,False,2978.828,1221.504
credit_card_clients,fairret,protected,RFECV,True,False,906.105,88.493
credit_card_clients,PFR,protected,RFECV,True,False,24758.125,199.346
credit_card_clients,iFlipper,protected,RFECV,True,False,10924.125,601.378
credit_card_clients,Reweighing,False,False,False,False,719.434,11.516
credit_card_clients,DisparateImpactRemover,False,False,False,False,779.578,13.584
credit_card_clients,LTDD,False,False,False,False,734.227,10.396
credit_card_clients,HSICLinearRegression,False,False,False,False,705.742,10.313
credit_card_clients,GerryFairClassifier,False,False,False,False,747.688,12.392
credit_card_clients,AdversarialDebiasing,False,False,False,False,742.523,21.714
credit_card_clients,ExponentiatedGradientReduction,False,False,False,False,735.699,15.923
credit_card_clients,GridSearchReduction,False,False,False,False,712.48,15.747
credit_card_clients,MetaFairClassifier,False,False,False,False,776.645,11.989
credit_card_clients,AdaFair,False,False,False,False,732.281,40.627
credit_card_clients,GeneralFairERM,False,False,False,False,926.516,14.049
credit_card_clients,MultiAdversarialDebiasing,False,False,False,False,720.285,10.173
credit_card_clients,GradualCompatibility,False,False,False,False,717.266,14.13
credit_card_clients,EqOddsPostprocessing,False,False,False,False,720.992,10.302
credit_card_clients,CalibratedEqOddsPostprocessing,False,False,False,False,725.918,10.381
credit_card_clients,JiangNachum,False,False,False,False,786.344,15.631
credit_card_clients,FaX,False,False,False,False,729.48,10.296
credit_card_clients,LevEqOpp,False,False,False,False,722.34,14.777
credit_card_clients,FairRR,False,False,False,False,722.738,10.293
credit_card_clients,GroupDebias,False,False,False,False,743.102,10.558
credit_card_clients,FS,False,False,False,False,749.926,14.608
credit_card_clients,Reweighing,False,False,True,False,745.316,10.332
credit_card_clients,DisparateImpactRemover,False,False,True,False,878.184,17.173
credit_card_clients,LTDD,False,False,True,False,741.84,10.424
credit_card_clients,HSICLinearRegression,False,False,True,False,725.176,10.262
credit_card_clients,GerryFairClassifier,False,False,True,False,759.082,12.384
credit_card_clients,AdversarialDebiasing,False,False,True,False,750.992,19.701
credit_card_clients,ExponentiatedGradientReduction,False,False,True,False,744.496,15.872
credit_card_clients,GridSearchReduction,False,False,True,False,736.684,15.795
credit_card_clients,MetaFairClassifier,False,False,True,False,793.672,12.028
credit_card_clients,AdaFair,False,False,True,False,747.27,68.98
credit_card_clients,GeneralFairERM,False,False,True,False,897.172,14.357
credit_card_clients,MultiAdversarialDebiasing,False,False,True,False,727.758,10.284
credit_card_clients,GradualCompatibility,False,False,True,False,733.32,14.414
credit_card_clients,EqOddsPostprocessing,False,False,True,False,729.676,10.291
credit_card_clients,CalibratedEqOddsPostprocessing,False,False,True,False,755.402,10.387
credit_card_clients,JiangNachum,False,False,True,False,802.711,15.389
credit_card_clients,FaX,False,False,True,False,718.27,10.303
credit_card_clients,LevEqOpp,False,False,True,False,738.215,14.789
credit_card_clients,FairRR,False,False,True,False,754.301,10.404
credit_card_clients,GroupDebias,False,False,True,False,772.895,10.642
credit_card_clients,FS,False,False,True,False,770.402,14.496
credit_card_clients,Reweighing,False,VT,False,False,717.309,10.996
credit_card_clients,DisparateImpactRemover,False,VT,False,False,784.551,13.485
credit_card_clients,LTDD,False,VT,False,False,719.691,10.556
credit_card_clients,HSICLinearRegression,False,VT,False,False,711.816,9.867
credit_card_clients,GerryFairClassifier,False,VT,False,False,738.273,10.79
credit_card_clients,AdversarialDebiasing,False,VT,False,False,713.285,17.353
credit_card_clients,ExponentiatedGradientReduction,False,VT,False,False,725.941,13.836
credit_card_clients,GridSearchReduction,False,VT,False,False,715.84,13.776
credit_card_clients,MetaFairClassifier,False,VT,False,False,779.52,10.467
credit_card_clients,AdaFair,False,VT,False,False,732.547,34.346
credit_card_clients,GeneralFairERM,False,VT,False,False,895.688,12.332
credit_card_clients,MultiAdversarialDebiasing,False,VT,False,False,701.375,8.949
credit_card_clients,GradualCompatibility,False,VT,False,False,716.246,12.771
credit_card_clients,EqOddsPostprocessing,False,VT,False,False,725.809,8.895
credit_card_clients,CalibratedEqOddsPostprocessing,False,VT,False,False,731.984,8.892
credit_card_clients,JiangNachum,False,VT,False,False,824.871,14.022
credit_card_clients,FaX,False,VT,False,False,699.531,8.907
credit_card_clients,LevEqOpp,False,VT,False,False,709.785,12.848
credit_card_clients,FairRR,False,VT,False,False,728.715,8.947
credit_card_clients,GroupDebias,False,VT,False,False,741.957,9.175
credit_card_clients,FS,False,VT,False,False,773.09,12.849
credit_card_clients,Reweighing,False,VT,True,False,729.746,8.859
credit_card_clients,DisparateImpactRemover,False,VT,True,False,881.766,14.82
credit_card_clients,LTDD,False,VT,True,False,728.078,8.965
credit_card_clients,HSICLinearRegression,False,VT,True,False,746.973,8.881
credit_card_clients,GerryFairClassifier,False,VT,True,False,755.797,10.79
credit_card_clients,AdversarialDebiasing,False,VT,True,False,732.555,17.409
credit_card_clients,ExponentiatedGradientReduction,False,VT,True,False,716.109,15.15
credit_card_clients,GridSearchReduction,False,VT,True,False,754.613,26.618
credit_card_clients,MetaFairClassifier,False,VT,True,False,848.672,17.275
credit_card_clients,AdaFair,False,VT,True,False,749.012,87.279
credit_card_clients,GeneralFairERM,False,VT,True,False,936.781,23.182
credit_card_clients,MultiAdversarialDebiasing,False,VT,True,False,741.969,14.376
credit_card_clients,GradualCompatibility,False,VT,True,False,733.855,21.515
credit_card_clients,EqOddsPostprocessing,False,VT,True,False,755.391,14.213
credit_card_clients,CalibratedEqOddsPostprocessing,False,VT,True,False,744.844,14.606
credit_card_clients,JiangNachum,False,VT,True,False,822.266,23.275
credit_card_clients,FaX,False,VT,True,False,722.746,14.501
credit_card_clients,LevEqOpp,False,VT,True,False,742.953,13.063
credit_card_clients,FairRR,False,VT,True,False,724.543,8.957
credit_card_clients,GroupDebias,False,VT,True,False,745.277,9.796
credit_card_clients,FS,False,VT,True,False,783.059,12.888
credit_card_clients,Reweighing,False,RFECV,False,False,763.305,16.015
credit_card_clients,DisparateImpactRemover,False,RFECV,False,False,769.77,16.006
credit_card_clients,LTDD,False,RFECV,False,False,781.664,15.561
credit_card_clients,HSICLinearRegression,False,RFECV,False,False,795.164,15.404
credit_card_clients,GerryFairClassifier,False,RFECV,False,False,784.344,17.826
credit_card_clients,AdversarialDebiasing,False,RFECV,False,False,791.785,24.404
credit_card_clients,ExponentiatedGradientReduction,False,RFECV,False,False,765.91,17.436
credit_card_clients,GridSearchReduction,False,RFECV,False,False,769.957,20.136
credit_card_clients,MetaFairClassifier,False,RFECV,False,False,783.703,16.805
credit_card_clients,AdaFair,False,RFECV,False,False,772.332,20.47
credit_card_clients,GeneralFairERM,False,RFECV,False,False,821.859,16.161
credit_card_clients,MultiAdversarialDebiasing,False,RFECV,False,False,779.711,15.487
credit_card_clients,GradualCompatibility,False,RFECV,False,False,786.695,15.334
credit_card_clients,EqOddsPostprocessing,False,RFECV,False,False,763.105,15.483
credit_card_clients,CalibratedEqOddsPostprocessing,False,RFECV,False,False,762.496,15.513
credit_card_clients,JiangNachum,False,RFECV,False,False,754.25,16.244
credit_card_clients,FaX,False,RFECV,False,False,790.832,15.432
credit_card_clients,LevEqOpp,False,RFECV,False,False,763.414,20.295
credit_card_clients,FairRR,False,RFECV,False,False,756.059,15.779
credit_card_clients,GroupDebias,False,RFECV,False,False,774.09,15.654
credit_card_clients,FS,False,RFECV,False,False,765.141,16.635
credit_card_clients,Reweighing,False,RFECV,True,False,801.98,15.0
credit_card_clients,DisparateImpactRemover,False,RFECV,True,False,864.875,19.142
credit_card_clients,LTDD,False,RFECV,True,False,789.652,14.81
credit_card_clients,HSICLinearRegression,False,RFECV,True,False,787.477,14.712
credit_card_clients,GerryFairClassifier,False,RFECV,True,False,800.781,16.702
credit_card_clients,AdversarialDebiasing,False,RFECV,True,False,818.453,23.153
credit_card_clients,ExponentiatedGradientReduction,False,RFECV,True,False,797.949,19.425
credit_card_clients,GridSearchReduction,False,RFECV,True,False,799.945,19.421
credit_card_clients,MetaFairClassifier,False,RFECV,True,False,794.902,16.584
credit_card_clients,AdaFair,False,RFECV,True,False,782.914,53.631
credit_card_clients,GeneralFairERM,False,RFECV,True,False,931.102,16.957
credit_card_clients,MultiAdversarialDebiasing,False,RFECV,True,False,813.605,14.86
credit_card_clients,GradualCompatibility,False,RFECV,True,False,790.953,17.467
credit_card_clients,EqOddsPostprocessing,False,RFECV,True,False,779.516,14.806
credit_card_clients,CalibratedEqOddsPostprocessing,False,RFECV,True,False,785.852,14.897
credit_card_clients,JiangNachum,False,RFECV,True,False,826.676,18.43
credit_card_clients,FaX,False,RFECV,True,False,796.898,14.998
credit_card_clients,LevEqOpp,False,RFECV,True,False,798.031,18.607
credit_card_clients,FairRR,False,RFECV,True,False,774.684,14.803
credit_card_clients,GroupDebias,False,RFECV,True,False,812.945,15.196
credit_card_clients,FS,False,RFECV,True,False,807.379,18.588
credit_card_clients,Reweighing,classic,False,False,False,808.082,13.564
credit_card_clients,DisparateImpactRemover,classic,False,False,False,889.867,17.292
credit_card_clients,LTDD,classic,False,False,False,768.805,12.848
credit_card_clients,HSICLinearRegression,classic,False,False,False,779.965,12.602
credit_card_clients,GerryFairClassifier,classic,False,False,False,791.199,15.406
credit_card_clients,AdversarialDebiasing,classic,False,False,False,777.367,26.891
credit_card_clients,ExponentiatedGradientReduction,classic,False,False,False,775.766,15.811
credit_card_clients,GridSearchReduction,classic,False,False,False,785.605,20.061
credit_card_clients,MetaFairClassifier,classic,False,False,False,844.531,14.459
credit_card_clients,AdaFair,classic,False,False,False,805.348,54.172
credit_card_clients,GeneralFairERM,classic,False,False,False,1093.254,19.014
credit_card_clients,MultiAdversarialDebiasing,classic,False,False,False,771.316,14.295
credit_card_clients,GradualCompatibility,classic,False,False,False,784.23,31.823
credit_card_clients,EqOddsPostprocessing,classic,False,False,False,809.211,20.211
credit_card_clients,CalibratedEqOddsPostprocessing,classic,False,False,False,789.801,20.271
credit_card_clients,JiangNachum,classic,False,False,False,927.699,35.378
credit_card_clients,FaX,classic,False,False,False,792.562,25.138
credit_card_clients,LevEqOpp,classic,False,False,False,791.559,26.756
credit_card_clients,FairRR,classic,False,False,False,978.156,25.093
credit_card_clients,GroupDebias,classic,False,False,False,811.781,23.77
credit_card_clients,FS,classic,False,False,False,967.715,41.838
credit_card_clients,Reweighing,classic,False,True,False,815.398,15.089
credit_card_clients,DisparateImpactRemover,classic,False,True,False,1008.449,25.012
credit_card_clients,LTDD,classic,False,True,False,784.594,14.91
credit_card_clients,HSICLinearRegression,classic,False,True,False,789.047,14.786
credit_card_clients,GerryFairClassifier,classic,False,True,False,839.098,17.942
credit_card_clients,AdversarialDebiasing,classic,False,True,False,810.242,29.177
credit_card_clients,ExponentiatedGradientReduction,classic,False,True,False,782.441,18.415
credit_card_clients,GridSearchReduction,classic,False,True,False,804.406,23.561
credit_card_clients,MetaFairClassifier,classic,False,True,False,896.684,16.622
credit_card_clients,AdaFair,classic,False,True,False,821.793,99.31
credit_card_clients,GeneralFairERM,classic,False,True,False,1073.07,21.956
credit_card_clients,MultiAdversarialDebiasing,classic,False,True,False,772.711,14.844
credit_card_clients,GradualCompatibility,classic,False,True,False,791.102,22.4
credit_card_clients,EqOddsPostprocessing,classic,False,True,False,789.07,14.816
credit_card_clients,CalibratedEqOddsPostprocessing,classic,False,True,False,795.402,14.95
credit_card_clients,JiangNachum,classic,False,True,False,924.309,24.322
credit_card_clients,FaX,classic,False,True,False,790.574,15.026
credit_card_clients,LevEqOpp,classic,False,True,False,769.719,19.312
credit_card_clients,FairRR,classic,False,True,False,940.746,16.667
credit_card_clients,GroupDebias,classic,False,True,False,819.977,15.365
credit_card_clients,FS,classic,False,True,False,931.277,30.374
credit_card_clients,Reweighing,classic,VT,False,False,769.059,14.842
credit_card_clients,DisparateImpactRemover,classic,VT,False,False,878.664,20.067
credit_card_clients,LTDD,classic,VT,False,False,763.5,14.791
credit_card_clients,HSICLinearRegression,classic,VT,False,False,749.508,14.763
credit_card_clients,GerryFairClassifier,classic,VT,False,False,831.891,17.765
credit_card_clients,AdversarialDebiasing,classic,VT,False,False,794.504,28.734
credit_card_clients,ExponentiatedGradientReduction,classic,VT,False,False,757.168,18.19
credit_card_clients,GridSearchReduction,classic,VT,False,False,777.422,23.431
credit_card_clients,MetaFairClassifier,classic,VT,False,False,882.004,16.613
credit_card_clients,AdaFair,classic,VT,False,False,790.137,61.69
credit_card_clients,GeneralFairERM,classic,VT,False,False,1053.465,22.175
credit_card_clients,MultiAdversarialDebiasing,classic,VT,False,False,753.0,14.805
credit_card_clients,GradualCompatibility,classic,VT,False,False,778.387,31.594
credit_card_clients,EqOddsPostprocessing,classic,VT,False,False,782.266,22.498
credit_card_clients,CalibratedEqOddsPostprocessing,classic,VT,False,False,809.496,21.564
credit_card_clients,JiangNachum,classic,VT,False,False,934.785,40.232
credit_card_clients,FaX,classic,VT,False,False,764.875,17.722
credit_card_clients,LevEqOpp,classic,VT,False,False,760.332,19.44
credit_card_clients,FairRR,classic,VT,False,False,928.297,17.195
credit_card_clients,GroupDebias,classic,VT,False,False,814.891,15.465
credit_card_clients,FS,classic,VT,False,False,924.352,32.31
credit_card_clients,Reweighing,classic,VT,True,False,789.348,15.004
credit_card_clients,DisparateImpactRemover,classic,VT,True,False,1006.43,25.051
credit_card_clients,LTDD,classic,VT,True,False,806.066,15.075
credit_card_clients,HSICLinearRegression,classic,VT,True,False,791.27,14.836
credit_card_clients,GerryFairClassifier,classic,VT,True,False,845.664,17.972
credit_card_clients,AdversarialDebiasing,classic,VT,True,False,807.918,29.809
credit_card_clients,ExponentiatedGradientReduction,classic,VT,True,False,787.141,18.201
credit_card_clients,GridSearchReduction,classic,VT,True,False,798.559,23.304
credit_card_clients,MetaFairClassifier,classic,VT,True,False,874.273,16.571
credit_card_clients,AdaFair,classic,VT,True,False,828.098,96.566
credit_card_clients,GeneralFairERM,classic,VT,True,False,1042.48,21.712
credit_card_clients,MultiAdversarialDebiasing,classic,VT,True,False,814.805,14.935
credit_card_clients,GradualCompatibility,classic,VT,True,False,800.418,21.465
credit_card_clients,EqOddsPostprocessing,classic,VT,True,False,802.047,14.911
credit_card_clients,CalibratedEqOddsPostprocessing,classic,VT,True,False,793.965,14.898
credit_card_clients,JiangNachum,classic,VT,True,False,945.297,23.605
credit_card_clients,FaX,classic,VT,True,False,788.02,14.962
credit_card_clients,LevEqOpp,classic,VT,True,False,810.066,19.433
credit_card_clients,FairRR,classic,VT,True,False,964.379,16.907
credit_card_clients,GroupDebias,classic,VT,True,False,848.5,15.369
credit_card_clients,FS,classic,VT,True,False,931.617,30.686
credit_card_clients,Reweighing,classic,RFECV,False,False,828.16,27.42
credit_card_clients,DisparateImpactRemover,classic,RFECV,False,False,829.391,28.582
credit_card_clients,LTDD,classic,RFECV,False,False,815.312,27.518
credit_card_clients,HSICLinearRegression,classic,RFECV,False,False,827.961,28.298
credit_card_clients,GerryFairClassifier,classic,RFECV,False,False,825.898,30.252
credit_card_clients,AdversarialDebiasing,classic,RFECV,False,False,851.148,44.931
credit_card_clients,ExponentiatedGradientReduction,classic,RFECV,False,False,824.562,31.17
credit_card_clients,GridSearchReduction,classic,RFECV,False,False,837.387,35.682
credit_card_clients,MetaFairClassifier,classic,RFECV,False,False,835.707,29.318
credit_card_clients,AdaFair,classic,RFECV,False,False,829.512,36.438
credit_card_clients,GeneralFairERM,classic,RFECV,False,False,912.168,29.635
credit_card_clients,MultiAdversarialDebiasing,classic,RFECV,False,False,829.984,27.73
credit_card_clients,GradualCompatibility,classic,RFECV,False,False,842.738,27.216
credit_card_clients,EqOddsPostprocessing,classic,RFECV,False,False,817.828,27.92
credit_card_clients,CalibratedEqOddsPostprocessing,classic,RFECV,False,False,811.484,28.374
credit_card_clients,JiangNachum,classic,RFECV,False,False,828.223,30.409
credit_card_clients,FaX,classic,RFECV,False,False,847.938,28.047
credit_card_clients,LevEqOpp,classic,RFECV,False,False,824.957,32.952
credit_card_clients,FairRR,classic,RFECV,False,False,831.883,29.174
credit_card_clients,GroupDebias,classic,RFECV,False,False,831.715,27.254
credit_card_clients,FS,classic,RFECV,False,False,826.977,31.163
credit_card_clients,Reweighing,classic,RFECV,True,False,862.215,25.978
credit_card_clients,DisparateImpactRemover,classic,RFECV,True,False,919.242,34.132
credit_card_clients,LTDD,classic,RFECV,True,False,855.816,25.946
credit_card_clients,HSICLinearRegression,classic,RFECV,True,False,871.641,25.937
credit_card_clients,GerryFairClassifier,classic,RFECV,True,False,849.789,28.437
credit_card_clients,AdversarialDebiasing,classic,RFECV,True,False,856.055,46.484
credit_card_clients,ExponentiatedGradientReduction,classic,RFECV,True,False,851.551,28.489
credit_card_clients,GridSearchReduction,classic,RFECV,True,False,857.547,34.842
credit_card_clients,MetaFairClassifier,classic,RFECV,True,False,870.297,28.18
credit_card_clients,AdaFair,classic,RFECV,True,False,852.262,81.245
credit_card_clients,GeneralFairERM,classic,RFECV,True,False,1007.926,29.855
credit_card_clients,MultiAdversarialDebiasing,classic,RFECV,True,False,838.598,25.474
credit_card_clients,GradualCompatibility,classic,RFECV,True,False,828.898,31.168
credit_card_clients,EqOddsPostprocessing,classic,RFECV,True,False,848.18,25.638
credit_card_clients,CalibratedEqOddsPostprocessing,classic,RFECV,True,False,862.258,25.162
credit_card_clients,JiangNachum,classic,RFECV,True,False,891.855,34.958
credit_card_clients,FaX,classic,RFECV,True,False,851.145,26.759
credit_card_clients,LevEqOpp,classic,RFECV,True,False,843.699,29.951
credit_card_clients,FairRR,classic,RFECV,True,False,962.145,27.968
credit_card_clients,GroupDebias,classic,RFECV,True,False,851.023,25.907
credit_card_clients,FS,classic,RFECV,True,False,896.23,36.736
credit_card_clients,Reweighing,protected,False,False,False,796.113,29.069
credit_card_clients,DisparateImpactRemover,protected,False,False,False,951.785,34.503
credit_card_clients,LTDD,protected,False,False,False,792.113,28.265
credit_card_clients,HSICLinearRegression,protected,False,False,False,809.684,27.965
credit_card_clients,GerryFairClassifier,protected,False,False,False,861.473,30.902
credit_card_clients,AdversarialDebiasing,protected,False,False,False,820.117,46.069
credit_card_clients,ExponentiatedGradientReduction,protected,False,False,False,798.789,31.521
credit_card_clients,GridSearchReduction,protected,False,False,False,787.891,38.159
credit_card_clients,MetaFairClassifier,protected,False,False,False,918.191,31.538
credit_card_clients,AdaFair,protected,False,False,False,821.082,92.932
credit_card_clients,GeneralFairERM,protected,False,False,False,1097.988,36.743
credit_card_clients,MultiAdversarialDebiasing,protected,False,False,False,813.582,29.327
credit_card_clients,GradualCompatibility,protected,False,False,False,805.918,59.959
credit_card_clients,EqOddsPostprocessing,protected,False,False,False,835.793,44.633
credit_card_clients,CalibratedEqOddsPostprocessing,protected,False,False,False,846.457,43.09
credit_card_clients,JiangNachum,protected,False,False,False,939.816,47.861
credit_card_clients,FaX,protected,False,False,False,785.656,28.008
credit_card_clients,LevEqOpp,protected,False,False,False,782.398,33.622
credit_card_clients,FairRR,protected,False,False,False,812.406,28.096
credit_card_clients,GroupDebias,protected,False,False,False,832.562,28.681
credit_card_clients,FS,protected,False,False,False,1019.57,54.501
credit_card_clients,Reweighing,protected,False,True,False,835.711,28.196
credit_card_clients,DisparateImpactRemover,protected,False,True,False,1066.039,40.777
credit_card_clients,LTDD,protected,False,True,False,845.191,27.924
credit_card_clients,HSICLinearRegression,protected,False,True,False,811.617,27.715
credit_card_clients,GerryFairClassifier,protected,False,True,False,879.176,30.49
credit_card_clients,AdversarialDebiasing,protected,False,True,False,850.02,44.776
credit_card_clients,ExponentiatedGradientReduction,protected,False,True,False,810.0,32.095
credit_card_clients,GridSearchReduction,protected,False,True,False,821.191,37.908
credit_card_clients,MetaFairClassifier,protected,False,True,False,977.176,30.926
credit_card_clients,AdaFair,protected,False,True,False,877.852,127.564
credit_card_clients,GeneralFairERM,protected,False,True,False,1146.102,35.426
credit_card_clients,MultiAdversarialDebiasing,protected,False,True,False,853.176,27.505
credit_card_clients,GradualCompatibility,protected,False,True,False,825.566,38.49
credit_card_clients,EqOddsPostprocessing,protected,False,True,False,814.348,28.508
credit_card_clients,CalibratedEqOddsPostprocessing,protected,False,True,False,869.852,28.102
credit_card_clients,JiangNachum,protected,False,True,False,967.43,41.316
credit_card_clients,FaX,protected,False,True,False,846.379,28.486
credit_card_clients,LevEqOpp,protected,False,True,False,818.512,34.102
credit_card_clients,FairRR,protected,False,True,False,835.969,31.134
credit_card_clients,GroupDebias,protected,False,True,False,863.934,29.881
credit_card_clients,FS,protected,False,True,False,1059.285,55.037
credit_card_clients,Reweighing,protected,VT,False,False,816.898,30.055
credit_card_clients,DisparateImpactRemover,protected,VT,False,False,945.672,36.246
credit_card_clients,LTDD,protected,VT,False,False,806.59,31.143
credit_card_clients,HSICLinearRegression,protected,VT,False,False,804.465,29.257
credit_card_clients,GerryFairClassifier,protected,VT,False,False,864.426,32.006
credit_card_clients,AdversarialDebiasing,protected,VT,False,False,809.473,46.81
credit_card_clients,ExponentiatedGradientReduction,protected,VT,False,False,784.141,32.417
credit_card_clients,GridSearchReduction,protected,VT,False,False,798.98,39.477
credit_card_clients,MetaFairClassifier,protected,VT,False,False,966.262,30.659
credit_card_clients,AdaFair,protected,VT,False,False,837.785,90.82
credit_card_clients,GeneralFairERM,protected,VT,False,False,1109.699,36.918
credit_card_clients,MultiAdversarialDebiasing,protected,VT,False,False,815.18,30.377
credit_card_clients,GradualCompatibility,protected,VT,False,False,802.797,41.922
credit_card_clients,EqOddsPostprocessing,protected,VT,False,False,780.258,28.345
credit_card_clients,CalibratedEqOddsPostprocessing,protected,VT,False,False,821.012,29.854
credit_card_clients,JiangNachum,protected,VT,False,False,966.434,40.409
credit_card_clients,FaX,protected,VT,False,False,819.766,24.56
credit_card_clients,LevEqOpp,protected,VT,False,False,822.137,28.368
credit_card_clients,FairRR,protected,VT,False,False,834.066,23.988
credit_card_clients,GroupDebias,protected,VT,False,False,852.445,24.511
credit_card_clients,FS,protected,VT,False,False,1036.832,48.591
credit_card_clients,Reweighing,protected,VT,True,False,819.891,23.909
credit_card_clients,DisparateImpactRemover,protected,VT,True,False,1077.578,34.569
credit_card_clients,LTDD,protected,VT,True,False,849.855,24.591
credit_card_clients,HSICLinearRegression,protected,VT,True,False,828.012,23.974
credit_card_clients,GerryFairClassifier,protected,VT,True,False,879.617,25.948
credit_card_clients,AdversarialDebiasing,protected,VT,True,False,837.879,41.459
credit_card_clients,ExponentiatedGradientReduction,protected,VT,True,False,820.215,28.068
credit_card_clients,GridSearchReduction,protected,VT,True,False,838.926,32.808
credit_card_clients,MetaFairClassifier,protected,VT,True,False,941.102,26.161
credit_card_clients,AdaFair,protected,VT,True,False,854.379,112.086
credit_card_clients,GeneralFairERM,protected,VT,True,False,1132.195,30.712
credit_card_clients,MultiAdversarialDebiasing,protected,VT,True,False,856.504,24.183
credit_card_clients,GradualCompatibility,protected,VT,True,False,847.176,33.955
credit_card_clients,EqOddsPostprocessing,protected,VT,True,False,853.551,24.394
credit_card_clients,CalibratedEqOddsPostprocessing,protected,VT,True,False,847.816,23.921
credit_card_clients,JiangNachum,protected,VT,True,False,975.008,34.135
credit_card_clients,FaX,protected,VT,True,False,847.383,23.836
credit_card_clients,LevEqOpp,protected,VT,True,False,833.711,28.158
credit_card_clients,FairRR,protected,VT,True,False,851.023,23.741
credit_card_clients,GroupDebias,protected,VT,True,False,877.395,24.555
credit_card_clients,FS,protected,VT,True,False,1074.742,47.128
credit_card_clients,Reweighing,protected,RFECV,False,False,891.672,40.71
credit_card_clients,DisparateImpactRemover,protected,RFECV,False,False,945.008,40.129
credit_card_clients,LTDD,protected,RFECV,False,False,894.332,38.674
credit_card_clients,HSICLinearRegression,protected,RFECV,False,False,911.426,40.137
credit_card_clients,GerryFairClassifier,protected,RFECV,False,False,891.055,40.513
credit_card_clients,AdversarialDebiasing,protected,RFECV,False,False,927.113,62.529
credit_card_clients,ExponentiatedGradientReduction,protected,RFECV,False,False,894.625,41.754
credit_card_clients,GridSearchReduction,protected,RFECV,False,False,920.133,47.75
credit_card_clients,MetaFairClassifier,protected,RFECV,False,False,896.445,41.199
credit_card_clients,AdaFair,protected,RFECV,False,False,926.133,52.301
credit_card_clients,GeneralFairERM,protected,RFECV,False,False,995.102,40.554
credit_card_clients,MultiAdversarialDebiasing,protected,RFECV,False,False,931.516,38.836
credit_card_clients,GradualCompatibility,protected,RFECV,False,False,902.172,39.666
credit_card_clients,EqOddsPostprocessing,protected,RFECV,False,False,916.793,39.56
credit_card_clients,CalibratedEqOddsPostprocessing,protected,RFECV,False,False,919.34,39.749
credit_card_clients,JiangNachum,protected,RFECV,False,False,903.867,40.677
credit_card_clients,FaX,protected,RFECV,False,False,917.148,39.449
credit_card_clients,LevEqOpp,protected,RFECV,False,False,884.977,48.325
credit_card_clients,FairRR,protected,RFECV,False,False,905.176,41.671
credit_card_clients,GroupDebias,protected,RFECV,False,False,893.66,38.163
credit_card_clients,FS,protected,RFECV,False,False,904.094,41.178
credit_card_clients,Reweighing,protected,RFECV,True,False,939.312,36.813
credit_card_clients,DisparateImpactRemover,protected,RFECV,True,False,1023.289,44.983
credit_card_clients,LTDD,protected,RFECV,True,False,965.836,37.885
credit_card_clients,HSICLinearRegression,protected,RFECV,True,False,950.492,37.557
credit_card_clients,GerryFairClassifier,protected,RFECV,True,False,936.324,39.961
credit_card_clients,AdversarialDebiasing,protected,RFECV,True,False,941.969,54.495
credit_card_clients,ExponentiatedGradientReduction,protected,RFECV,True,False,912.016,41.125
credit_card_clients,GridSearchReduction,protected,RFECV,True,False,925.727,45.343
credit_card_clients,MetaFairClassifier,protected,RFECV,True,False,980.234,38.284
credit_card_clients,AdaFair,protected,RFECV,True,False,951.27,119.077
credit_card_clients,GeneralFairERM,protected,RFECV,True,False,1181.211,42.592
credit_card_clients,MultiAdversarialDebiasing,protected,RFECV,True,False,944.008,38.453
credit_card_clients,GradualCompatibility,protected,RFECV,True,False,910.762,46.054
credit_card_clients,EqOddsPostprocessing,protected,RFECV,True,False,935.273,38.342
credit_card_clients,CalibratedEqOddsPostprocessing,protected,RFECV,True,False,950.492,37.14
credit_card_clients,JiangNachum,protected,RFECV,True,False,1022.727,48.047
credit_card_clients,FaX,protected,RFECV,True,False,950.887,37.59
credit_card_clients,LevEqOpp,protected,RFECV,True,False,941.852,40.234
credit_card_clients,FairRR,protected,RFECV,True,False,950.199,37.283
credit_card_clients,GroupDebias,protected,RFECV,True,False,936.547,36.987
credit_card_clients,FS,protected,RFECV,True,False,1031.879,51.062
german,Reweighing,False,False,False,False,600.805,11.327
german,LFR,False,False,False,False,600.957,10.463
german,DisparateImpactRemover,False,False,False,False,603.422,8.072
german,Fair-SMOTE,False,False,False,False,599.266,8.707
german,FairSSL-xT,False,False,False,False,611.469,11.747
german,FairSSL-Lx,False,False,False,False,609.277,10.959
german,LTDD,False,False,False,False,603.738,8.153
german,PrejudiceRemover,False,False,False,False,666.113,10.624
german,SquaredDifferenceFairLogistic,False,False,False,False,616.809,8.143
german,FairnessConstraintModel,False,False,False,False,599.094,8.09
german,DisparateMistreatmentModel,False,False,False,False,624.68,9.615
german,ConvexFrameworkModel,False,False,False,False,641.43,8.173
german,HSICLinearRegression,False,False,False,False,592.625,8.003
german,GerryFairClassifier,False,False,False,False,606.859,8.188
german,AdversarialDebiasing,False,False,False,False,626.059,9.109
german,ExponentiatedGradientReduction,False,False,False,False,593.309,8.628
german,GridSearchReduction,False,False,False,False,607.305,8.464
german,MetaFairClassifier,False,False,False,False,608.578,9.567
german,AdaFair,False,False,False,False,607.672,8.388
german,FAGTB,False,False,False,False,611.578,9.643
german,HGR,False,False,False,False,669.676,9.927
german,FairDummies,False,False,False,False,608.426,9.437
german,GeneralFairERM,False,False,False,False,606.102,8.102
german,MultiAdversarialDebiasing,False,False,False,False,600.441,8.024
german,FairGeneralizedLinearModel,False,False,False,False,612.336,7.979
german,GradualCompatibility,False,False,False,False,594.016,8.574
german,GetFair,False,False,False,False,727.754,79.306
german,RejectOptionClassification,False,False,False,False,643.258,14.52
german,EqOddsPostprocessing,False,False,False,False,606.73,14.901
german,CalibratedEqOddsPostprocessing,False,False,False,False,597.938,12.949
german,JiangNachum,False,False,False,False,607.902,14.999
german,DPAbstention,False,False,False,False,624.215,13.509
german,FairBayesDPP,False,False,False,False,614.93,21.451
german,FaX,False,False,False,False,596.707,12.61
german,LevEqOpp,False,False,False,False,605.695,14.332
german,fairret,False,False,False,False,616.395,14.974
german,PFR,False,False,False,False,610.629,14.299
german,FairRR,False,False,False,False,607.234,12.645
german,GroupDebias,False,False,False,False,594.188,8.701
german,FS,False,False,False,False,599.812,8.939
german,iFlipper,False,False,False,False,669.184,8.848
communities,Reweighing,False,False,False,False,616.68,8.303
communities,LFR,False,False,False,False,665.156,19.179
communities,DisparateImpactRemover,False,False,False,False,644.742,8.808
communities,Fair-SMOTE,False,False,False,False,650.766,14.102
communities,FairSSL-xT,False,False,False,False,639.652,13.402
communities,FairSSL-Lx,False,False,False,False,648.945,11.635
communities,LTDD,False,False,False,False,619.148,8.147
communities,PrejudiceRemover,False,False,False,False,704.727,11.735
communities,SquaredDifferenceFairLogistic,False,False,False,False,653.973,8.097
communities,FairnessConstraintModel,False,False,False,False,666.625,8.688
communities,DisparateMistreatmentModel,False,False,False,False,733.738,24.937
communities,ConvexFrameworkModel,False,False,False,False,1332.406,8.502
communities,HSICLinearRegression,False,False,False,False,618.84,8.068
communities,GerryFairClassifier,False,False,False,False,636.82,8.472
communities,AdversarialDebiasing,False,False,False,False,642.922,9.211
communities,ExponentiatedGradientReduction,False,False,False,False,617.812,8.412
communities,GridSearchReduction,False,False,False,False,618.34,8.637
communities,MetaFairClassifier,False,False,False,False,627.004,9.913
communities,AdaFair,False,False,False,False,629.98,11.067
communities,FAGTB,False,False,False,False,644.617,22.451
communities,HGR,False,False,False,False,703.664,10.883
communities,FairDummies,False,False,False,False,627.746,10.769
communities,GeneralFairERM,False,False,False,False,655.195,8.365
communities,MultiAdversarialDebiasing,False,False,False,False,629.266,8.059
communities,FairGeneralizedLinearModel,False,False,False,False,795.289,8.246
communities,GradualCompatibility,False,False,False,False,629.703,38.62
communities,GetFair,False,False,False,False,743.105,36.936
communities,RejectOptionClassification,False,False,False,False,691.113,11.955
communities,EqOddsPostprocessing,False,False,False,False,621.535,8.116
communities,CalibratedEqOddsPostprocessing,False,False,False,False,629.32,8.095
communities,JiangNachum,False,False,False,False,645.211,9.48
communities,DPAbstention,False,False,False,False,699.602,12.132
communities,FairBayesDPP,False,False,False,False,677.773,16.761
communities,FaX,False,False,False,False,619.508,8.075
communities,LevEqOpp,False,False,False,False,627.5,8.542
communities,fairret,False,False,False,False,644.023,9.408
communities,PFR,False,False,False,False,665.746,8.889
communities,FairRR,False,False,False,False,650.0,8.599
communities,GroupDebias,False,False,False,False,630.867,8.074
communities,FS,False,False,False,False,634.965,9.942
communities,iFlipper,False,False,False,False,746.453,9.967
compas,Reweighing,False,False,False,False,600.855,8.201
compas,LFR,False,False,False,False,615.793,14.088
compas,DisparateImpactRemover,False,False,False,False,610.477,8.18
compas,Fair-SMOTE,False,False,False,False,606.453,8.681
compas,FairSSL-xT,False,False,False,False,612.852,9.603
compas,FairSSL-Lx,False,False,False,False,611.754,9.396
compas,LTDD,False,False,False,False,608.297,8.066
compas,PrejudiceRemover,False,False,False,False,665.016,14.028
compas,SquaredDifferenceFairLogistic,False,False,False,False,896.613,8.307
compas,FairnessConstraintModel,False,False,False,False,648.703,8.54
compas,DisparateMistreatmentModel,False,False,False,False,778.625,20.435
compas,ConvexFrameworkModel,False,False,False,False,1277.254,8.664
compas,HSICLinearRegression,False,False,False,False,599.273,8.122
compas,GerryFairClassifier,False,False,False,False,610.018,8.497
compas,AdversarialDebiasing,False,False,False,False,629.328,10.33
compas,ExponentiatedGradientReduction,False,False,False,False,611.156,8.56
compas,GridSearchReduction,False,False,False,False,600.973,9.242
compas,MetaFairClassifier,False,False,False,False,616.164,9.572
compas,AdaFair,False,False,False,False,612.352,9.55
compas,FAGTB,False,False,False,False,637.305,10.884
compas,HGR,False,False,False,False,685.32,17.389
compas,FairDummies,False,False,False,False,615.258,16.933
compas,GeneralFairERM,False,False,False,False,618.203,8.503
compas,MultiAdversarialDebiasing,False,False,False,False,598.668,8.275
compas,FairGeneralizedLinearModel,False,False,False,False,1020.793,8.492
compas,GradualCompatibility,False,False,False,False,602.141,8.493
compas,GetFair,False,False,False,False,652.496,23.644
compas,RejectOptionClassification,False,False,False,False,745.383,15.355
compas,EqOddsPostprocessing,False,False,False,False,604.148,8.556
compas,CalibratedEqOddsPostprocessing,False,False,False,False,609.492,8.443
compas,JiangNachum,False,False,False,False,607.996,9.0
compas,DPAbstention,False,False,False,False,1330.621,9.671
compas,FairBayesDPP,False,False,False,False,694.605,33.421
compas,FaX,False,False,False,False,603.441,8.35
compas,LevEqOpp,False,False,False,False,599.082,9.083
compas,fairret,False,False,False,False,641.051,13.169
compas,PFR,False,False,False,False,956.367,10.664
compas,FairRR,False,False,False,False,619.172,8.521
compas,GroupDebias,False,False,False,False,604.066,8.391
compas,FS,False,False,False,False,608.977,9.633
compas,iFlipper,False,False,False,False,1078.684,14.223
implicit30,Reweighing,False,False,False,False,625.762,8.555
implicit30,LFR,False,False,False,False,645.59,21.323
implicit30,DisparateImpactRemover,False,False,False,False,624.363,8.862
implicit30,Fair-SMOTE,False,False,False,False,634.66,11.61
implicit30,FairSSL-xT,False,False,False,False,635.188,17.151
implicit30,FairSSL-Lx,False,False,False,False,706.102,21.874
implicit30,LTDD,False,False,False,False,615.723,8.863
implicit30,PrejudiceRemover,False,False,False,False,693.285,24.316
implicit30,SquaredDifferenceFairLogistic,False,False,False,False,1440.039,9.963
implicit30,FairnessConstraintModel,False,False,False,False,777.656,10.02
implicit30,DisparateMistreatmentModel,False,False,False,False,1128.309,28.741
implicit30,ConvexFrameworkModel,False,False,False,False,3991.438,12.616
implicit30,HSICLinearRegression,False,False,False,False,619.617,8.526
implicit30,GerryFairClassifier,False,False,False,False,631.672,9.321
implicit30,AdversarialDebiasing,False,False,False,False,642.777,13.436
implicit30,ExponentiatedGradientReduction,False,False,False,False,626.543,9.806
implicit30,GridSearchReduction,False,False,False,False,619.566,11.096
implicit30,MetaFairClassifier,False,False,False,False,628.434,9.926
implicit30,AdaFair,False,False,False,False,644.859,11.758
implicit30,FAGTB,False,False,False,False,657.918,13.256
implicit30,HGR,False,False,False,False,704.457,29.571
implicit30,FairDummies,False,False,False,False,624.68,29.631
implicit30,GeneralFairERM,False,False,False,False,667.129,9.064
implicit30,MultiAdversarialDebiasing,False,False,False,False,616.664,8.526
implicit30,FairGeneralizedLinearModel,False,False,False,False,2119.051,10.247
implicit30,GradualCompatibility,False,False,False,False,614.855,8.64
implicit30,GetFair,False,False,False,False,718.035,49.65
implicit30,RejectOptionClassification,False,False,False,False,955.262,22.768
implicit30,EqOddsPostprocessing,False,False,False,False,624.715,8.63
implicit30,CalibratedEqOddsPostprocessing,False,False,False,False,619.098,8.624
implicit30,JiangNachum,False,False,False,False,645.117,9.649
implicit30,DPAbstention,False,False,False,False,4514.656,13.651
implicit30,FairBayesDPP,False,False,False,False,898.73,110.241
implicit30,FaX,False,False,False,False,624.395,8.624
implicit30,LevEqOpp,False,False,False,False,623.234,10.16
implicit30,fairret,False,False,False,False,653.914,20.187
implicit30,PFR,False,False,False,False,2558.543,19.22
implicit30,FairRR,False,False,False,False,648.371,8.867
implicit30,GroupDebias,False,False,False,False,624.348,8.695
implicit30,FS,False,False,False,False,646.129,10.067
implicit30,iFlipper,False,False,False,False,1983.883,23.701
social30,Reweighing,False,False,False,False,622.625,8.54
social30,LFR,False,False,False,False,642.793,20.613
social30,DisparateImpactRemover,False,False,False,False,624.828,8.577
social30,Fair-SMOTE,False,False,False,False,634.371,10.639
social30,FairSSL-xT,False,False,False,False,630.934,20.586
social30,FairSSL-Lx,False,False,False,False,881.281,40.104
social30,LTDD,False,False,False,False,618.902,8.421
social30,PrejudiceRemover,False,False,False,False,697.758,23.439
social30,SquaredDifferenceFairLogistic,False,False,False,False,1411.641,9.723
social30,FairnessConstraintModel,False,False,False,False,768.621,9.833
social30,DisparateMistreatmentModel,False,False,False,False,1105.691,93.53
social30,ConvexFrameworkModel,False,False,False,False,4024.629,12.012
social30,HSICLinearRegression,False,False,False,False,610.793,8.216
social30,GerryFairClassifier,False,False,False,False,634.793,9.139
social30,AdversarialDebiasing,False,False,False,False,641.223,13.303
social30,ExponentiatedGradientReduction,False,False,False,False,628.652,10.795
social30,GridSearchReduction,False,False,False,False,622.879,10.697
social30,MetaFairClassifier,False,False,False,False,629.887,9.749
social30,AdaFair,False,False,False,False,642.508,11.509
social30,FAGTB,False,False,False,False,636.301,11.887
social30,HGR,False,False,False,False,706.18,28.283
social30,FairDummies,False,False,False,False,625.801,28.36
social30,GeneralFairERM,False,False,False,False,660.371,8.845
social30,MultiAdversarialDebiasing,False,False,False,False,625.406,8.552
social30,FairGeneralizedLinearModel,False,False,False,False,2011.316,9.94
social30,GradualCompatibility,False,False,False,False,615.531,8.45
social30,GetFair,False,False,False,False,748.383,158.668
social30,RejectOptionClassification,False,False,False,False,961.68,25.571
social30,EqOddsPostprocessing,False,False,False,False,617.059,9.623
social30,CalibratedEqOddsPostprocessing,False,False,False,False,619.281,9.658
social30,JiangNachum,False,False,False,False,642.855,10.527
social30,DPAbstention,False,False,False,False,4426.504,14.718
social30,FairBayesDPP,False,False,False,False,882.648,113.878
social30,FaX,False,False,False,False,624.211,9.631
social30,LevEqOpp,False,False,False,False,616.625,11.479
social30,fairret,False,False,False,False,650.203,21.522
social30,PFR,False,False,False,False,2497.141,21.601
social30,FairRR,False,False,False,False,638.5,9.911
social30,GroupDebias,False,False,False,False,617.215,9.518
social30,FS,False,False,False,False,644.637,11.188
social30,iFlipper,False,False,False,False,1938.953,26.508
adult_data_set_sex,Reweighing,False,False,False,False,751.309,9.935
adult_data_set_sex,LFR,False,False,False,False,873.531,83.49
adult_data_set_sex,DisparateImpactRemover,False,False,False,False,801.746,10.903
adult_data_set_sex,Fair-SMOTE,False,False,False,False,816.734,49.938
adult_data_set_sex,FairSSL-xT,False,False,False,False,872.871,47.71
adult_data_set_sex,FairSSL-Lx,False,False,False,False,1271.82,71.588
adult_data_set_sex,LTDD,False,False,False,False,764.699,9.415
adult_data_set_sex,PrejudiceRemover,False,False,False,False,928.797,82.087
adult_data_set_sex,SquaredDifferenceFairLogistic,False,False,False,False,8624.758,12.136
adult_data_set_sex,FairnessConstraintModel,False,False,False,False,1129.781,13.861
adult_data_set_sex,DisparateMistreatmentModel,False,False,False,False,1611.762,46.286
adult_data_set_sex,HSICLinearRegression,False,False,False,False,764.988,9.226
adult_data_set_sex,GerryFairClassifier,False,False,False,False,821.211,12.913
adult_data_set_sex,AdversarialDebiasing,False,False,False,False,745.418,22.395
adult_data_set_sex,ExponentiatedGradientReduction,False,False,False,False,748.008,12.188
adult_data_set_sex,GridSearchReduction,False,False,False,False,763.629,16.733
adult_data_set_sex,MetaFairClassifier,False,False,False,False,812.641,11.017
adult_data_set_sex,AdaFair,False,False,False,False,766.434,18.809
adult_data_set_sex,FAGTB,False,False,False,False,798.797,21.436
adult_data_set_sex,HGR,False,False,False,False,843.496,76.6
adult_data_set_sex,FairDummies,False,False,False,False,782.934,107.996
adult_data_set_sex,GeneralFairERM,False,False,False,False,895.797,11.362
adult_data_set_sex,MultiAdversarialDebiasing,False,False,False,False,756.492,9.291
adult_data_set_sex,FairGeneralizedLinearModel,False,False,False,False,23306.609,32.048
adult_data_set_sex,GradualCompatibility,False,False,False,False,751.504,21.896
adult_data_set_sex,GetFair,False,False,False,False,872.941,284.198
adult_data_set_sex,RejectOptionClassification,False,False,False,False,1705.676,48.082
adult_data_set_sex,EqOddsPostprocessing,False,False,False,False,754.723,9.393
adult_data_set_sex,CalibratedEqOddsPostprocessing,False,False,False,False,766.562,9.288
adult_data_set_sex,JiangNachum,False,False,False,False,883.836,22.04
adult_data_set_sex,FairBayesDPP,False,False,False,False,2419.73,843.856
adult_data_set_sex,FaX,False,False,False,False,737.477,9.282
adult_data_set_sex,LevEqOpp,False,False,False,False,726.352,15.451
adult_data_set_sex,fairret,False,False,False,False,789.43,45.028
adult_data_set_sex,PFR,False,False,False,False,19292.035,104.85
adult_data_set_sex,FairRR,False,False,False,False,932.418,11.923
adult_data_set_sex,GroupDebias,False,False,False,False,781.004,9.887
adult_data_set_sex,FS,False,False,False,False,770.742,12.865
adult_data_set_sex,iFlipper,False,False,False,False,9848.832,162.801
acs2017_census,Reweighing,False,False,False,False,823.301,10.751
acs2017_census,LFR,False,False,False,False,1045.625,148.847
acs2017_census,DisparateImpactRemover,False,False,False,False,979.488,17.914
acs2017_census,Fair-SMOTE,False,False,False,False,955.688,30.143
acs2017_census,FairSSL-xT,False,False,False,False,1083.965,102.112
acs2017_census,FairSSL-Lx,False,False,False,False,1857.938,154.735
acs2017_census,LTDD,False,False,False,False,860.383,11.924
acs2017_census,PrejudiceRemover,False,False,False,False,1045.336,88.705
acs2017_census,SquaredDifferenceFairLogistic,False,False,False,False,20713.523,78.69
acs2017_census,FairnessConstraintModel,False,False,False,False,1490.355,35.196
acs2017_census,DisparateMistreatmentModel,False,False,False,False,2383.059,784.116
acs2017_census,HSICLinearRegression,False,False,False,False,831.066,20.283
acs2017_census,GerryFairClassifier,False,False,False,False,870.129,21.995
acs2017_census,AdversarialDebiasing,False,False,False,False,836.754,58.4
acs2017_census,ExponentiatedGradientReduction,False,False,False,False,829.582,23.319
acs2017_census,GridSearchReduction,False,False,False,False,840.648,26.117
acs2017_census,MetaFairClassifier,False,False,False,False,881.816,13.466
acs2017_census,AdaFair,False,False,False,False,849.062,81.336
acs2017_census,FAGTB,False,False,False,False,893.758,190.337
acs2017_census,HGR,False,False,False,False,941.562,127.528
acs2017_census,FairDummies,False,False,False,False,873.602,187.755
acs2017_census,GeneralFairERM,False,False,False,False,1243.203,22.029
acs2017_census,MultiAdversarialDebiasing,False,False,False,False,823.906,11.546
acs2017_census,GradualCompatibility,False,False,False,False,818.934,19.193
acs2017_census,GetFair,False,False,False,False,924.008,495.732
acs2017_census,RejectOptionClassification,False,False,False,False,2272.586,85.392
acs2017_census,EqOddsPostprocessing,False,False,False,False,838.125,11.694
acs2017_census,CalibratedEqOddsPostprocessing,False,False,False,False,868.941,11.674
acs2017_census,JiangNachum,False,False,False,False,959.996,40.723
acs2017_census,FairBayesDPP,False,False,False,False,4590.512,2322.066
acs2017_census,FaX,False,False,False,False,833.191,11.768
acs2017_census,LevEqOpp,False,False,False,False,817.656,24.203
acs2017_census,fairret,False,False,False,False,851.051,71.082
acs2017_census,FairRR,False,False,False,False,1002.09,19.948
acs2017_census,GroupDebias,False,False,False,False,869.641,13.239
acs2017_census,FS,False,False,False,False,985.789,31.01
acs2017_census,iFlipper,False,False,False,False,22392.035,6024.456
