,metric,ignore,dataset,model,error_rate,global
0,demographic_parity,True,german,Reweighing,21.333333333333343,4.963633335184059
1,demographic_parity,True,german,Fair-SMOTE,29.666666666666657,6.212869912831054
2,demographic_parity,True,german,FairSSL-LS,37.66666666666667,4.65826439398146
3,demographic_parity,True,german,FairSSL-CT,37.0,3.4923102548442664
4,demographic_parity,True,german,FairSSL-LP,34.0,2.920437510410301
5,demographic_parity,True,german,FairSSL-ST,34.66666666666667,2.254178002331908
6,demographic_parity,True,german,GridSearchReduction,22.0,3.2979845649880657
7,demographic_parity,True,german,ExponentiatedGradientReduction,21.66666666666667,2.83715507190051
8,demographic_parity,True,german,FAGTB,22.333333333333343,6.135139636888565
9,demographic_parity,True,german,RejectOptionClassification,38.33333333333333,5.046915773693861
10,demographic_parity,True,german,EqOddsPostprocessing,21.66666666666667,2.2708344900338684
11,demographic_parity,True,german,CalibratedEqOddsPostprocessing,20.0,0.0
12,demographic_parity,True,german,JiangNachum,22.0,2.376325578812944
13,demographic_parity,False,german,LFR,20.0,0.0
14,demographic_parity,False,german,Reweighing,21.333333333333343,4.963633335184059
15,demographic_parity,False,german,Fair-SMOTE,29.666666666666657,6.212869912831054
16,demographic_parity,False,german,FairSSL-LS,37.66666666666667,4.302925989672978
17,demographic_parity,False,german,FairSSL-CT,39.33333333333333,1.3658319915607064
18,demographic_parity,False,german,FairSSL-LP,36.0,1.6101271445227885
19,demographic_parity,False,german,FairSSL-ST,33.33333333333334,3.664427294431183
20,demographic_parity,False,german,GridSearchReduction,22.0,3.2979845649880657
21,demographic_parity,False,german,ExponentiatedGradientReduction,22.0,3.2979845649880657
22,demographic_parity,False,german,FAGTB,22.333333333333343,4.291821664538331
23,demographic_parity,False,german,RejectOptionClassification,38.0,9.549719615790352
24,demographic_parity,False,german,EqOddsPostprocessing,20.66666666666667,2.942646160679585
25,demographic_parity,False,german,CalibratedEqOddsPostprocessing,20.333333333333343,8.433734939759042
26,demographic_parity,False,german,JiangNachum,21.66666666666667,3.581144855921381
27,demographic_parity,True,communities,Reweighing,16.193656093489153,34.59420289855073
28,demographic_parity,True,communities,Fair-SMOTE,15.859766277128557,37.92196209587513
29,demographic_parity,True,communities,FairSSL-LS,22.370617696160267,27.546265328874032
30,demographic_parity,True,communities,FairSSL-CT,20.701168614357258,30.24972129319956
31,demographic_parity,True,communities,FairSSL-LP,20.36727879799666,30.8907469342252
32,demographic_parity,True,communities,FairSSL-ST,19.36560934891486,33.569676700111486
33,demographic_parity,True,communities,GridSearchReduction,21.368948247078464,12.254180602006686
34,demographic_parity,True,communities,ExponentiatedGradientReduction,27.879799666110188,0.7536231884057942
35,demographic_parity,True,communities,FAGTB,17.529215358931552,33.27870680044593
36,demographic_parity,True,communities,RejectOptionClassification,56.92821368948247,7.0234113712374535
37,demographic_parity,True,communities,EqOddsPostprocessing,25.542570951585972,14.55852842809364
38,demographic_parity,True,communities,CalibratedEqOddsPostprocessing,17.195325542570956,56.64214046822742
39,demographic_parity,True,communities,JiangNachum,29.716193656093495,2.9609810479375693
40,demographic_parity,False,communities,LFR,39.56594323873121,0.0
41,demographic_parity,False,communities,Reweighing,17.028380634390643,23.581939799331103
42,demographic_parity,False,communities,Fair-SMOTE,17.529215358931552,24.569676700111483
43,demographic_parity,False,communities,FairSSL-LS,25.87646076794657,6.517279821627647
44,demographic_parity,False,communities,FairSSL-CT,22.20367278797997,14.56410256410256
45,demographic_parity,False,communities,FairSSL-LP,24.87479131886478,10.5273132664437
46,demographic_parity,False,communities,FairSSL-ST,22.20367278797997,14.54292084726868
47,demographic_parity,False,communities,GridSearchReduction,16.52754590984975,27.92865105908584
48,demographic_parity,False,communities,ExponentiatedGradientReduction,23.70617696160268,1.5529542920847297
49,demographic_parity,False,communities,FAGTB,18.864774624373965,29.940914158305464
50,demographic_parity,False,communities,RejectOptionClassification,35.89315525876461,6.665551839464884
51,demographic_parity,False,communities,EqOddsPostprocessing,28.046744574290486,14.243032329988852
52,demographic_parity,False,communities,CalibratedEqOddsPostprocessing,17.195325542570956,60.64882943143813
53,demographic_parity,False,communities,JiangNachum,30.05008347245409,2.3812709030100327
54,demographic_parity,True,compas_race,LFR,52.213822894168466,10.828214695575108
55,demographic_parity,True,compas_race,Reweighing,32.23542116630669,24.171064195914703
56,demographic_parity,True,compas_race,Fair-SMOTE,32.93736501079914,24.35584054750009
57,demographic_parity,True,compas_race,FairSSL-LS,33.36933045356372,25.03651767455449
58,demographic_parity,True,compas_race,FairSSL-CT,33.4233261339093,24.5615721891252
59,demographic_parity,True,compas_race,FairSSL-LP,33.4233261339093,24.52483879834971
60,demographic_parity,True,compas_race,FairSSL-ST,34.3952483801296,25.849459661683
61,demographic_parity,True,compas_race,GridSearchReduction,34.50323974082073,18.240717114678443
62,demographic_parity,True,compas_race,ExponentiatedGradientReduction,45.24838012958964,0.8644673473437919
63,demographic_parity,True,compas_race,FAGTB,34.665226781857456,19.618958867230983
64,demographic_parity,True,compas_race,RejectOptionClassification,43.95248380129589,4.991426821045521
65,demographic_parity,True,compas_race,EqOddsPostprocessing,38.12095032397408,3.843323459693732
66,demographic_parity,True,compas_race,CalibratedEqOddsPostprocessing,32.07343412526998,24.98449924869122
67,demographic_parity,True,compas_race,JiangNachum,45.8963282937365,0.9803377746221577
68,demographic_parity,False,compas_race,LFR,46.65226781857451,0.3363940383432502
69,demographic_parity,False,compas_race,Reweighing,31.749460043196535,9.187415485466277
70,demographic_parity,False,compas_race,Fair-SMOTE,32.66738660907127,8.259589202355377
71,demographic_parity,False,compas_race,FairSSL-LS,32.61339092872571,9.362207257679806
72,demographic_parity,False,compas_race,FairSSL-CT,32.88336933045356,4.223846873532361
73,demographic_parity,False,compas_race,FairSSL-LP,32.39740820734342,6.692010240973506
74,demographic_parity,False,compas_race,FairSSL-ST,33.639308855291574,9.551667732921128
75,demographic_parity,False,compas_race,GridSearchReduction,32.34341252699784,25.557071732423136
76,demographic_parity,False,compas_race,ExponentiatedGradientReduction,32.50539956803455,2.921783763594743
77,demographic_parity,False,compas_race,FAGTB,33.26133909287256,6.154075619013105
78,demographic_parity,False,compas_race,RejectOptionClassification,43.95248380129589,5.166711658907046
79,demographic_parity,False,compas_race,EqOddsPostprocessing,37.90496760259179,3.538362356410035
80,demographic_parity,False,compas_race,CalibratedEqOddsPostprocessing,32.18142548596113,29.23645086415918
81,demographic_parity,False,compas_race,JiangNachum,35.58315334773218,0.2790751567640581
82,demographic_parity,True,implicit10,LFR,51.220068415051315,4.426511136176692
83,demographic_parity,True,implicit10,Reweighing,28.734321550741157,18.55433782696955
84,demographic_parity,True,implicit10,Fair-SMOTE,28.711516533637408,19.32557594780553
85,demographic_parity,True,implicit10,FairSSL-LS,28.80273660205245,18.04759196379572
86,demographic_parity,True,implicit10,FairSSL-CT,29.53249714937286,21.83479905952761
87,demographic_parity,True,implicit10,FairSSL-LP,29.05359179019385,16.176445501988162
88,demographic_parity,True,implicit10,FairSSL-ST,29.076396807297613,25.345801679486318
89,demographic_parity,True,implicit10,GridSearchReduction,28.893956670467503,17.86689511386231
90,demographic_parity,True,implicit10,ExponentiatedGradientReduction,31.44811858608894,3.5441421642764483
91,demographic_parity,True,implicit10,FAGTB,38.44925883694412,4.534771141593852
92,demographic_parity,True,implicit10,RejectOptionClassification,29.555302166476622,7.121943953603804
93,demographic_parity,True,implicit10,EqOddsPostprocessing,32.93044469783352,5.5846269128049295
94,demographic_parity,True,implicit10,CalibratedEqOddsPostprocessing,29.623717217787913,24.073060109266887
95,demographic_parity,True,implicit10,JiangNachum,39.52109464082098,0.1206171236373371
96,demographic_parity,False,implicit10,LFR,48.59749144811859,0.0
97,demographic_parity,False,implicit10,Reweighing,29.304446978335235,11.850164324708452
98,demographic_parity,False,implicit10,Fair-SMOTE,29.144811858608904,11.61533747206646
99,demographic_parity,False,implicit10,FairSSL-LS,29.94298745724059,2.351701059258832
100,demographic_parity,False,implicit10,FairSSL-CT,29.8745724059293,3.5423530865543285
101,demographic_parity,False,implicit10,FairSSL-LP,29.144811858608904,6.050348807746126
102,demographic_parity,False,implicit10,FairSSL-ST,29.486887115165345,6.567579498500714
103,demographic_parity,False,implicit10,GridSearchReduction,28.80273660205245,24.165592873312917
104,demographic_parity,False,implicit10,ExponentiatedGradientReduction,29.73774230330673,4.59603665196156
105,demographic_parity,False,implicit10,FAGTB,37.46864310148232,0.6347897396808633
106,demographic_parity,False,implicit10,RejectOptionClassification,29.372862029646512,6.492563053547928
107,demographic_parity,False,implicit10,EqOddsPostprocessing,32.97605473204105,6.219687094467047
108,demographic_parity,False,implicit10,CalibratedEqOddsPostprocessing,29.372862029646512,27.218258744741465
109,demographic_parity,False,implicit10,JiangNachum,30.07981755986316,2.076203893282763
110,demographic_parity,True,implicit20,LFR,52.472776769509984,24.3051545389996
111,demographic_parity,True,implicit20,Reweighing,29.28765880217786,30.171322507481808
112,demographic_parity,True,implicit20,Fair-SMOTE,29.28765880217786,30.171322507481808
113,demographic_parity,True,implicit20,FairSSL-LS,31.692377495462793,6.756923956144045
114,demographic_parity,True,implicit20,FairSSL-CT,31.442831215970955,5.548696671317255
115,demographic_parity,True,implicit20,FairSSL-LP,32.509074410163336,2.762438787288879
116,demographic_parity,True,implicit20,FairSSL-ST,32.98548094373865,1.807719157820975
117,demographic_parity,True,implicit20,GridSearchReduction,35.27676950998185,19.612771894371672
118,demographic_parity,True,implicit20,ExponentiatedGradientReduction,32.3502722323049,0.8745540610118896
119,demographic_parity,True,implicit20,FAGTB,40.3584392014519,2.355105470013364
120,demographic_parity,True,implicit20,RejectOptionClassification,47.57259528130672,5.20310360565952
121,demographic_parity,True,implicit20,EqOddsPostprocessing,38.33938294010889,4.662922724632912
122,demographic_parity,True,implicit20,CalibratedEqOddsPostprocessing,28.924682395644282,34.79996796671173
123,demographic_parity,True,implicit20,JiangNachum,32.2141560798548,1.2595299547272454
124,demographic_parity,False,implicit20,LFR,48.865698729582576,1.0047870825970928
125,demographic_parity,False,implicit20,Reweighing,31.578947368421055,2.818249998404509
126,demographic_parity,False,implicit20,Fair-SMOTE,31.578947368421055,2.818249998404509
127,demographic_parity,False,implicit20,FairSSL-LS,32.191470054446455,2.501972744118464
128,demographic_parity,False,implicit20,FairSSL-CT,32.3956442831216,4.869574490467931
129,demographic_parity,False,implicit20,FairSSL-LP,32.667876588021784,2.720544351796328
130,demographic_parity,False,implicit20,FairSSL-ST,32.98548094373865,1.807719157820975
131,demographic_parity,False,implicit20,GridSearchReduction,33.166969147005446,13.122469478308258
132,demographic_parity,False,implicit20,ExponentiatedGradientReduction,31.442831215970955,0.2468168978477791
133,demographic_parity,False,implicit20,FAGTB,40.53992740471869,1.7972404022112751
134,demographic_parity,False,implicit20,RejectOptionClassification,47.754083484573506,4.837973528069373
135,demographic_parity,False,implicit20,EqOddsPostprocessing,36.8421052631579,4.283875871419696
136,demographic_parity,False,implicit20,CalibratedEqOddsPostprocessing,29.3557168784029,31.93313277530357
137,demographic_parity,False,implicit20,JiangNachum,32.16878402903811,1.2434721367006183
138,demographic_parity,True,implicit30,LFR,45.52003601981089,0.1555003035166313
139,demographic_parity,True,implicit30,Reweighing,27.937865826204415,36.02788093872939
140,demographic_parity,True,implicit30,Fair-SMOTE,27.937865826204415,36.02788093872939
141,demographic_parity,True,implicit30,FairSSL-LS,30.61683926159388,24.93564088455274
142,demographic_parity,True,implicit30,FairSSL-CT,27.915353444394412,38.29167086668247
143,demographic_parity,True,implicit30,FairSSL-LP,31.832507879333633,21.394809530888825
144,demographic_parity,True,implicit30,FairSSL-ST,27.465105808194508,39.57384357930992
145,demographic_parity,True,implicit30,GridSearchReduction,34.69158036920305,8.321081456238943
146,demographic_parity,True,implicit30,ExponentiatedGradientReduction,38.31607384061234,1.0711003689861776
147,demographic_parity,True,implicit30,FAGTB,43.98919405673121,9.741555534417444
148,demographic_parity,True,implicit30,RejectOptionClassification,31.517334533993704,3.744277753112896
149,demographic_parity,True,implicit30,EqOddsPostprocessing,40.38721296713192,7.321048396959595
150,demographic_parity,True,implicit30,CalibratedEqOddsPostprocessing,26.42953624493471,56.03671567620322
151,demographic_parity,True,implicit30,JiangNachum,41.73795587573165,8.61234790449803
152,demographic_parity,False,implicit30,LFR,48.5141828005403,0.0
153,demographic_parity,False,implicit30,Reweighing,28.68077442593426,19.589083298634613
154,demographic_parity,False,implicit30,Fair-SMOTE,28.770823953174244,19.76537241278182
155,demographic_parity,False,implicit30,FairSSL-LS,32.66546600630346,1.2583619187930273
156,demographic_parity,False,implicit30,FairSSL-CT,29.581269698334083,14.600052692029292
157,demographic_parity,False,implicit30,FairSSL-LP,32.823052678973426,0.6620577028425112
158,demographic_parity,False,implicit30,FairSSL-ST,29.288608734804143,18.44054714527038
159,demographic_parity,False,implicit30,GridSearchReduction,32.102656461053584,0.1487667570489792
160,demographic_parity,False,implicit30,ExponentiatedGradientReduction,32.5303917154435,0.4533786076445611
161,demographic_parity,False,implicit30,FAGTB,40.882485366951826,0.466947109412219
162,demographic_parity,False,implicit30,RejectOptionClassification,32.05763169743359,1.4153630730283528
163,demographic_parity,False,implicit30,EqOddsPostprocessing,39.41918054930211,8.131528066821115
164,demographic_parity,False,implicit30,CalibratedEqOddsPostprocessing,26.969833408374612,57.02577629982292
165,demographic_parity,False,implicit30,JiangNachum,36.19990995047276,0.4887297265997598
166,demographic_parity,True,implicit40,Reweighing,31.333787775505556,20.33492427700181
167,demographic_parity,True,implicit40,Fair-SMOTE,31.333787775505556,20.33492427700181
168,demographic_parity,True,implicit40,FairSSL-LS,31.44739831856397,19.38324944909015
169,demographic_parity,True,implicit40,FairSSL-CT,31.333787775505556,20.28116538861088
170,demographic_parity,True,implicit40,FairSSL-LP,31.69734151329243,15.159448904272832
171,demographic_parity,True,implicit40,FairSSL-ST,31.333787775505556,20.33492427700181
172,demographic_parity,True,implicit40,GridSearchReduction,31.333787775505556,20.33492427700181
173,demographic_parity,True,implicit40,ExponentiatedGradientReduction,36.46898432174505,1.5208003320948682
174,demographic_parity,True,implicit40,FAGTB,46.51215632810724,8.285064611864124
175,demographic_parity,True,implicit40,RejectOptionClassification,47.830038627584635,5.146726862302483
176,demographic_parity,True,implicit40,EqOddsPostprocessing,43.58100431720063,6.118951092422742
177,demographic_parity,True,implicit40,CalibratedEqOddsPostprocessing,25.925925925925924,76.21696864305791
178,demographic_parity,True,implicit40,JiangNachum,46.21676891615542,1.1387053670081937
179,demographic_parity,False,implicit40,LFR,52.03362872074528,1.8649563505913904
180,demographic_parity,False,implicit40,Reweighing,30.629402408543513,20.8195597264761
181,demographic_parity,False,implicit40,Fair-SMOTE,29.17518745739605,29.19663196330434
182,demographic_parity,False,implicit40,FairSSL-LS,32.21995001136105,6.75100526849498
183,demographic_parity,False,implicit40,FairSSL-CT,33.90138604862531,5.433736955260132
184,demographic_parity,False,implicit40,FairSSL-LP,32.21995001136105,6.384441107891586
185,demographic_parity,False,implicit40,FairSSL-ST,31.879118382185865,15.161844613475044
186,demographic_parity,False,implicit40,GridSearchReduction,30.743012951601912,19.683704427311906
187,demographic_parity,False,implicit40,ExponentiatedGradientReduction,34.33310611224721,3.061179391118113
188,demographic_parity,False,implicit40,FAGTB,40.99068393546921,2.092011755497225
189,demographic_parity,False,implicit40,RejectOptionClassification,46.85298795728243,4.944124213391598
190,demographic_parity,False,implicit40,EqOddsPostprocessing,44.10361281526926,5.662320657415654
191,demographic_parity,False,implicit40,CalibratedEqOddsPostprocessing,26.084980686207686,76.80148038306565
192,demographic_parity,False,implicit40,JiangNachum,40.808907066575784,1.9422179723626032
193,demographic_parity,True,implicit50,LFR,35.30751708428245,33.54545454545454
194,demographic_parity,True,implicit50,Reweighing,29.886104783599095,31.163760896637605
195,demographic_parity,True,implicit50,Fair-SMOTE,30.02277904328018,31.52864259028643
196,demographic_parity,True,implicit50,FairSSL-LS,30.569476082004556,27.335201328352017
197,demographic_parity,True,implicit50,FairSSL-CT,32.89293849658314,20.30738895807389
198,demographic_parity,True,implicit50,FairSSL-LP,31.025056947608192,25.87837276878373
199,demographic_parity,True,implicit50,FairSSL-ST,30.0,31.756122872561228
200,demographic_parity,True,implicit50,GridSearchReduction,29.954441913439638,31.665006226650068
201,demographic_parity,True,implicit50,ExponentiatedGradientReduction,37.40318906605923,4.553341635533414
202,demographic_parity,True,implicit50,FAGTB,50.68337129840547,5.306143628061433
203,demographic_parity,True,implicit50,RejectOptionClassification,34.965831435079735,5.322748028227481
204,demographic_parity,True,implicit50,EqOddsPostprocessing,44.28246013667426,6.645911166459112
205,demographic_parity,True,implicit50,CalibratedEqOddsPostprocessing,23.416856492027335,81.90763802407638
206,demographic_parity,True,implicit50,JiangNachum,48.76993166287016,0.000415110004151
207,demographic_parity,False,implicit50,LFR,51.34396355353075,0.6818181818181834
208,demographic_parity,False,implicit50,Reweighing,32.642369020501135,14.442299709422995
209,demographic_parity,False,implicit50,Fair-SMOTE,33.50797266514806,11.342465753424651
210,demographic_parity,False,implicit50,FairSSL-LS,34.692482915717534,6.150477376504776
211,demographic_parity,False,implicit50,FairSSL-CT,36.1503416856492,0.143628061436285
212,demographic_parity,False,implicit50,FairSSL-LP,33.758542141230066,11.118098796180986
213,demographic_parity,False,implicit50,FairSSL-ST,36.605922551252846,2.230593607305936
214,demographic_parity,False,implicit50,GridSearchReduction,29.339407744874705,31.803445413034453
215,demographic_parity,False,implicit50,ExponentiatedGradientReduction,35.148063781321184,3.783105022831057
216,demographic_parity,False,implicit50,FAGTB,51.07061503416857,6.530095475300957
217,demographic_parity,False,implicit50,RejectOptionClassification,34.533029612756266,7.594437525944375
218,demographic_parity,False,implicit50,EqOddsPostprocessing,47.08428246013667,4.623910336239106
219,demographic_parity,False,implicit50,CalibratedEqOddsPostprocessing,23.120728929384967,76.40680780406808
220,demographic_parity,False,implicit50,JiangNachum,42.71070615034168,1.2364051473640516
221,demographic_parity,True,social10,LFR,50.114889705882355,1.7632056671978535
222,demographic_parity,True,social10,Reweighing,28.67647058823529,1.3280066066617913
223,demographic_parity,True,social10,Fair-SMOTE,28.814338235294116,1.1441690612647548
224,demographic_parity,True,social10,FairSSL-LS,29.044117647058826,1.5110415524810406
225,demographic_parity,True,social10,FairSSL-CT,29.06709558823529,1.6927036306014331
226,demographic_parity,True,social10,FairSSL-LP,29.61856617647058,1.7508709789497146
227,demographic_parity,True,social10,FairSSL-ST,28.400735294117652,1.7061154919671415
228,demographic_parity,True,social10,GridSearchReduction,28.58455882352942,1.331217004972951
229,demographic_parity,True,social10,ExponentiatedGradientReduction,28.561580882352942,1.467088665076255
230,demographic_parity,True,social10,FAGTB,37.45404411764706,1.123977345570859
231,demographic_parity,True,social10,RejectOptionClassification,28.67647058823529,0.4561722547662294
232,demographic_parity,True,social10,EqOddsPostprocessing,29.503676470588232,6.277173539981606
233,demographic_parity,True,social10,CalibratedEqOddsPostprocessing,29.22794117647058,1.6531439198329778
234,demographic_parity,True,social10,JiangNachum,30.261948529411768,1.552121978238996
235,demographic_parity,False,social10,LFR,50.643382352941174,0.5779984222581986
236,demographic_parity,False,social10,Reweighing,27.918198529411768,8.71984311290358
237,demographic_parity,False,social10,Fair-SMOTE,28.147977941176478,7.160434375339913
238,demographic_parity,False,social10,FairSSL-LS,29.06709558823529,3.025694803062123
239,demographic_parity,False,social10,FairSSL-CT,28.929227941176478,6.94892826555063
240,demographic_parity,False,social10,FairSSL-LP,29.52665441176471,3.4949198614882104
241,demographic_parity,False,social10,FairSSL-ST,28.05606617647058,7.271615537905402
242,demographic_parity,False,social10,GridSearchReduction,28.216911764705884,17.04691933768638
243,demographic_parity,False,social10,ExponentiatedGradientReduction,28.377757352941174,4.498000365394023
244,demographic_parity,False,social10,FAGTB,37.13235294117647,3.227675323125534
245,demographic_parity,False,social10,RejectOptionClassification,28.952205882352942,4.704543030425912
246,demographic_parity,False,social10,EqOddsPostprocessing,30.836397058823522,6.106177587829214
247,demographic_parity,False,social10,CalibratedEqOddsPostprocessing,28.125,18.691023451748457
248,demographic_parity,False,social10,JiangNachum,28.860294117647058,1.2794704532469892
249,demographic_parity,True,social20,LFR,47.02300405953992,2.1070006757251845
250,demographic_parity,True,social20,Reweighing,30.626973387460538,2.191669855329681
251,demographic_parity,True,social20,Fair-SMOTE,30.536761389264782,2.790134412322626
252,demographic_parity,True,social20,FairSSL-LS,30.581867388362653,2.767379570303913
253,demographic_parity,True,social20,FairSSL-CT,30.063148398737027,3.0111698186939764
254,demographic_parity,True,social20,FairSSL-LP,31.912494361750106,0.0245052144816848
255,demographic_parity,True,social20,FairSSL-ST,30.175913396481732,2.5326261285831766
256,demographic_parity,True,social20,GridSearchReduction,30.514208389715833,2.0966612662927098
257,demographic_parity,True,social20,ExponentiatedGradientReduction,30.559314388813704,2.59165031628823
258,demographic_parity,True,social20,FAGTB,37.4830852503383,1.374652978482627
259,demographic_parity,True,social20,RejectOptionClassification,30.243572395128552,2.8124007783051463
260,demographic_parity,True,social20,EqOddsPostprocessing,31.438881371222365,10.192052494891351
261,demographic_parity,True,social20,CalibratedEqOddsPostprocessing,30.514208389715833,3.853343211404292
262,demographic_parity,True,social20,JiangNachum,30.333784393324308,1.964040022469904
263,demographic_parity,False,social20,LFR,50.7893549842129,2.0843272463791696
264,demographic_parity,False,social20,Reweighing,29.52187640956248,11.209751609935608
265,demographic_parity,False,social20,Fair-SMOTE,29.52187640956248,11.209751609935608
266,demographic_parity,False,social20,FairSSL-LS,30.514208389715833,3.3566037889457947
267,demographic_parity,False,social20,FairSSL-CT,29.76995940460081,8.693652253909844
268,demographic_parity,False,social20,FairSSL-LP,32.047812359043746,1.0277128737859298
269,demographic_parity,False,social20,FairSSL-ST,29.138475417230495,14.413584518566164
270,demographic_parity,False,social20,GridSearchReduction,27.830401443391978,28.496226522620503
271,demographic_parity,False,social20,ExponentiatedGradientReduction,30.378890392422193,4.839047146078757
272,demographic_parity,False,social20,FAGTB,37.054578258908435,3.968542143270015
273,demographic_parity,False,social20,RejectOptionClassification,30.018042399639157,7.607892144491207
274,demographic_parity,False,social20,EqOddsPostprocessing,33.13035633739287,8.808118471721304
275,demographic_parity,False,social20,CalibratedEqOddsPostprocessing,28.01082543978349,27.67526113114768
276,demographic_parity,False,social20,JiangNachum,31.258457374830854,1.6820672305851103
277,demographic_parity,True,social30,LFR,56.72527974423384,0.3756399231069962
278,demographic_parity,True,social30,Reweighing,30.554921214889248,2.434618207551853
279,demographic_parity,True,social30,Fair-SMOTE,30.62343000685088,2.024074336021753
280,demographic_parity,True,social30,FairSSL-LS,30.691938798812515,1.4721204451181855
281,demographic_parity,True,social30,FairSSL-CT,30.57775747887645,1.538590247674082
282,demographic_parity,True,social30,FairSSL-LP,30.50924868691483,0.8153921196773495
283,demographic_parity,True,social30,FairSSL-ST,30.554921214889248,1.1314887858808576
284,demographic_parity,True,social30,GridSearchReduction,30.57775747887645,1.836765520156458
285,demographic_parity,True,social30,ExponentiatedGradientReduction,30.646266270838098,1.9629037581517292
286,demographic_parity,True,social30,FAGTB,38.730303722311035,0.7458971691708727
287,demographic_parity,True,social30,RejectOptionClassification,30.851792646723,1.7048064802424434
288,demographic_parity,True,social30,EqOddsPostprocessing,31.4455355103905,13.978395019229506
289,demographic_parity,True,social30,CalibratedEqOddsPostprocessing,30.691938798812515,6.406679192865495
290,demographic_parity,True,social30,JiangNachum,32.244804749942915,1.271647019895461
291,demographic_parity,False,social30,LFR,43.845626855446454,1.1947039465037057
292,demographic_parity,False,social30,Reweighing,29.276090431605382,13.66609543528124
293,demographic_parity,False,social30,Fair-SMOTE,29.13907284768213,13.756307433477
294,demographic_parity,False,social30,FairSSL-LS,29.504453071477514,8.494177320403223
295,demographic_parity,False,social30,FairSSL-CT,29.367435487554232,9.89352730999254
296,demographic_parity,False,social30,FairSSL-LP,29.45878054350308,9.220463185618494
297,demographic_parity,False,social30,FairSSL-ST,27.335007992692397,36.71887028874933
298,demographic_parity,False,social30,GridSearchReduction,31.2400091345056,1.6777053272229558
299,demographic_parity,False,social30,ExponentiatedGradientReduction,30.395067366978765,5.203296201206975
300,demographic_parity,False,social30,FAGTB,38.06805206668189,4.312713507640275
301,demographic_parity,False,social30,RejectOptionClassification,29.93834208723453,8.19750419035149
302,demographic_parity,False,social30,EqOddsPostprocessing,36.83489381137246,7.979213686854203
303,demographic_parity,False,social30,CalibratedEqOddsPostprocessing,26.969627768897013,47.24471610968477
304,demographic_parity,False,social30,JiangNachum,32.26764101393013,1.097961801352515
305,demographic_parity,True,social40,LFR,39.261744966442954,0.7123608205752863
306,demographic_parity,True,social40,Reweighing,32.48322147651007,1.3267052125881418
307,demographic_parity,True,social40,Fair-SMOTE,32.41610738255034,1.297576555815616
308,demographic_parity,True,social40,FairSSL-LS,35.659955257270695,3.4902737312968446
309,demographic_parity,True,social40,FairSSL-CT,33.91498881431767,2.1199656221790986
310,demographic_parity,True,social40,FairSSL-LP,35.659955257270695,3.4902737312968446
311,demographic_parity,True,social40,FairSSL-ST,35.659955257270695,3.4902737312968446
312,demographic_parity,True,social40,GridSearchReduction,32.41610738255034,1.279799066321441
313,demographic_parity,True,social40,ExponentiatedGradientReduction,32.63982102908277,1.3697675773425844
314,demographic_parity,True,social40,FAGTB,39.977628635346754,0.9554800012252064
315,demographic_parity,True,social40,RejectOptionClassification,32.14765100671141,0.8688747990272805
316,demographic_parity,True,social40,EqOddsPostprocessing,31.722595078299776,13.281466306552389
317,demographic_parity,True,social40,CalibratedEqOddsPostprocessing,31.722595078299776,13.53299375926036
318,demographic_parity,True,social40,JiangNachum,32.125279642058175,1.4661624105795246
319,demographic_parity,False,social40,LFR,44.45190156599552,1.6454387826743937
320,demographic_parity,False,social40,Reweighing,28.299776286353477,16.43883252343656
321,demographic_parity,False,social40,Fair-SMOTE,28.74720357941834,16.06262240792492
322,demographic_parity,False,social40,FairSSL-LS,35.659955257270695,3.4902737312968446
323,demographic_parity,False,social40,FairSSL-CT,30.357941834451907,15.637404078132066
324,demographic_parity,False,social40,FairSSL-LP,35.659955257270695,3.4902737312968446
325,demographic_parity,False,social40,FairSSL-ST,35.659955257270695,3.4902737312968446
326,demographic_parity,False,social40,GridSearchReduction,29.261744966442947,11.735665547765889
327,demographic_parity,False,social40,ExponentiatedGradientReduction,31.87919463087249,0.9545190558471472
328,demographic_parity,False,social40,FAGTB,38.23266219239374,5.861466510753289
329,demographic_parity,False,social40,RejectOptionClassification,30.447427293064877,4.648993679982361
330,demographic_parity,False,social40,EqOddsPostprocessing,39.77628635346756,7.336697843338269
331,demographic_parity,False,social40,CalibratedEqOddsPostprocessing,25.145413870246074,61.95431065081828
332,demographic_parity,False,social40,JiangNachum,37.42729306487696,1.0686313194921166
333,demographic_parity,True,social50,LFR,43.82506231588488,0.0884273730887397
334,demographic_parity,True,social50,Reweighing,31.611148878314083,2.202776188161948
335,demographic_parity,True,social50,Fair-SMOTE,31.74711080897349,2.304246855539044
336,demographic_parity,True,social50,FairSSL-LS,35.07817811012916,0.6116996911923078
337,demographic_parity,True,social50,FairSSL-CT,32.15499660095173,2.1172245020029177
338,demographic_parity,True,social50,FairSSL-LP,35.07817811012916,0.6116996911923078
339,demographic_parity,True,social50,FairSSL-ST,32.789485610695664,0.8150723789859593
340,demographic_parity,True,social50,GridSearchReduction,31.52050759120779,2.740283156567597
341,demographic_parity,True,social50,ExponentiatedGradientReduction,31.76977113075006,2.7003727301073366
342,demographic_parity,True,social50,FAGTB,40.58463630183549,2.802767725426125
343,demographic_parity,True,social50,RejectOptionClassification,31.63380920009064,1.5623196276724929
344,demographic_parity,True,social50,EqOddsPostprocessing,30.90867890324043,20.46503144152845
345,demographic_parity,True,social50,CalibratedEqOddsPostprocessing,31.837752096079768,2.2072335029030112
346,demographic_parity,True,social50,JiangNachum,32.925447541355084,1.294860202588044
347,demographic_parity,False,social50,LFR,50.12463176977113,0.0
348,demographic_parity,False,social50,Reweighing,26.35395422615001,25.854315235266117
349,demographic_parity,False,social50,Fair-SMOTE,26.195331973714033,26.35000149946533
350,demographic_parity,False,social50,FairSSL-LS,35.07817811012916,0.6116996911923078
351,demographic_parity,False,social50,FairSSL-CT,26.39927486970315,26.321552739482076
352,demographic_parity,False,social50,FairSSL-LP,35.07817811012916,0.6116996911923078
353,demographic_parity,False,social50,FairSSL-ST,23.272150464536594,50.573227108196896
354,demographic_parity,False,social50,GridSearchReduction,26.217992295490603,26.395005999915373
355,demographic_parity,False,social50,ExponentiatedGradientReduction,30.90867890324043,5.869790539072161
356,demographic_parity,False,social50,FAGTB,48.56106956718785,13.98493797348699
357,demographic_parity,False,social50,RejectOptionClassification,30.568774076591893,6.793235234066541
358,demographic_parity,False,social50,EqOddsPostprocessing,39.610242465443015,9.405611944124589
359,demographic_parity,False,social50,CalibratedEqOddsPostprocessing,21.91253115794244,66.82301502628583
360,demographic_parity,False,social50,JiangNachum,39.1796963516882,0.6039147958611463
361,equalized_odds,True,german,Reweighing,21.333333333333343,9.06316421047678
362,equalized_odds,True,german,Fair-SMOTE,28.666666666666657,9.058188759303848
363,equalized_odds,True,german,FairSSL-LS,40.0,11.82578960165018
364,equalized_odds,True,german,FairSSL-CT,33.66666666666667,6.338087544411416
365,equalized_odds,True,german,FairSSL-LP,36.33333333333333,13.274601767829274
366,equalized_odds,True,german,FairSSL-ST,34.66666666666667,22.242815742621627
367,equalized_odds,True,german,GridSearchReduction,22.0,7.180531917396726
368,equalized_odds,True,german,ExponentiatedGradientReduction,21.66666666666667,6.891514576356261
369,equalized_odds,True,german,FAGTB,22.333333333333343,5.135155802699587
370,equalized_odds,True,german,RejectOptionClassification,57.666666666666664,4.422783938949497
371,equalized_odds,True,german,EqOddsPostprocessing,21.333333333333343,4.679767217512016
372,equalized_odds,True,german,CalibratedEqOddsPostprocessing,20.66666666666667,13.106343283582088
373,equalized_odds,True,german,JiangNachum,21.66666666666667,6.891514576356261
374,equalized_odds,False,german,LFR,20.0,0.0
375,equalized_odds,False,german,Reweighing,21.333333333333343,9.06316421047678
376,equalized_odds,False,german,Fair-SMOTE,28.33333333333333,14.47069532787978
377,equalized_odds,False,german,FairSSL-LS,39.0,5.864806942690645
378,equalized_odds,False,german,FairSSL-CT,33.66666666666667,10.7726115873601
379,equalized_odds,False,german,FairSSL-LP,36.0,8.739000086273835
380,equalized_odds,False,german,FairSSL-ST,35.66666666666667,17.04668002603901
381,equalized_odds,False,german,GridSearchReduction,22.0,7.180531917396726
382,equalized_odds,False,german,ExponentiatedGradientReduction,21.66666666666667,8.31689555376036
383,equalized_odds,False,german,FAGTB,22.333333333333343,6.829848393345939
384,equalized_odds,False,german,RejectOptionClassification,29.33333333333333,5.424834903255663
385,equalized_odds,False,german,EqOddsPostprocessing,21.66666666666667,3.680216233598166
386,equalized_odds,False,german,CalibratedEqOddsPostprocessing,22.0,4.477611940298509
387,equalized_odds,False,german,JiangNachum,21.66666666666667,6.891514576356261
388,equalized_odds,True,communities,Reweighing,16.193656093489153,9.441467883900929
389,equalized_odds,True,communities,Fair-SMOTE,16.026711185308855,12.114023394826262
390,equalized_odds,True,communities,FairSSL-LS,22.20367278797997,5.192288144540037
391,equalized_odds,True,communities,FairSSL-CT,19.36560934891486,7.091873763016135
392,equalized_odds,True,communities,FairSSL-LP,21.535893155258762,9.07400650323778
393,equalized_odds,True,communities,FairSSL-ST,19.699499165275455,9.106659736140545
394,equalized_odds,True,communities,GridSearchReduction,17.362270450751254,5.895312917806217
395,equalized_odds,True,communities,ExponentiatedGradientReduction,16.36060100166945,4.657358115158846
396,equalized_odds,True,communities,FAGTB,17.529215358931552,12.128523831560257
397,equalized_odds,True,communities,RejectOptionClassification,25.041736227045078,7.684797611987484
398,equalized_odds,True,communities,EqOddsPostprocessing,23.038397328881473,0.5024328660993171
399,equalized_odds,True,communities,CalibratedEqOddsPostprocessing,19.699499165275455,46.824722109699785
400,equalized_odds,True,communities,JiangNachum,24.54090150250417,5.7853203339042985
401,equalized_odds,False,communities,LFR,39.56594323873121,0.0
402,equalized_odds,False,communities,Reweighing,17.028380634390643,3.827482596486647
403,equalized_odds,False,communities,Fair-SMOTE,17.028380634390643,3.4052946187835524
404,equalized_odds,False,communities,FairSSL-LS,25.208681135225376,11.746995871193873
405,equalized_odds,False,communities,FairSSL-CT,23.70617696160268,12.668803332994417
406,equalized_odds,False,communities,FairSSL-LP,24.707846410684482,12.132709635307668
407,equalized_odds,False,communities,FairSSL-ST,22.370617696160267,11.162082109717224
408,equalized_odds,False,communities,GridSearchReduction,19.532554257095157,14.956440126530742
409,equalized_odds,False,communities,ExponentiatedGradientReduction,16.694490818030047,3.9895008646455175
410,equalized_odds,False,communities,FAGTB,18.864774624373965,10.009483681991329
411,equalized_odds,False,communities,RejectOptionClassification,33.889816360601,8.355808129454825
412,equalized_odds,False,communities,EqOddsPostprocessing,29.549248747913197,1.3095608659333124
413,equalized_odds,False,communities,CalibratedEqOddsPostprocessing,19.36560934891486,49.5819116161585
414,equalized_odds,False,communities,JiangNachum,20.03338898163605,1.4239096915178409
415,equalized_odds,True,compas_race,LFR,44.97840172786177,6.489169613179014
416,equalized_odds,True,compas_race,Reweighing,32.23542116630669,21.582008575160835
417,equalized_odds,True,compas_race,Fair-SMOTE,32.991360691144706,21.69039932552946
418,equalized_odds,True,compas_race,FairSSL-LS,33.4233261339093,22.67566471059285
419,equalized_odds,True,compas_race,FairSSL-CT,33.53131749460043,21.993455691358182
420,equalized_odds,True,compas_race,FairSSL-LP,32.77537796976242,21.297236633346497
421,equalized_odds,True,compas_race,FairSSL-ST,34.23326133909286,23.01861269929983
422,equalized_odds,True,compas_race,GridSearchReduction,44.49244060475161,8.347050104330462
423,equalized_odds,True,compas_race,ExponentiatedGradientReduction,44.546436285097194,4.939675160965841
424,equalized_odds,True,compas_race,FAGTB,34.665226781857456,16.937119086700246
425,equalized_odds,True,compas_race,RejectOptionClassification,43.68250539956803,4.973359718207144
426,equalized_odds,True,compas_race,EqOddsPostprocessing,36.33909287257019,1.14541483609798
427,equalized_odds,True,compas_race,CalibratedEqOddsPostprocessing,32.93736501079914,28.718130042326266
428,equalized_odds,True,compas_race,JiangNachum,45.8963282937365,0.9395605404028186
429,equalized_odds,False,compas_race,LFR,49.78401727861771,4.985145014210829
430,equalized_odds,False,compas_race,Reweighing,31.749460043196535,6.2971274310840695
431,equalized_odds,False,compas_race,Fair-SMOTE,32.55939524838013,8.858835734834352
432,equalized_odds,False,compas_race,FairSSL-LS,32.991360691144706,5.778458070161907
433,equalized_odds,False,compas_race,FairSSL-CT,33.53131749460043,2.486512981924274
434,equalized_odds,False,compas_race,FairSSL-LP,32.34341252699784,5.164702018896272
435,equalized_odds,False,compas_race,FairSSL-ST,33.74730021598272,6.927684674199849
436,equalized_odds,False,compas_race,GridSearchReduction,32.34341252699784,23.007950231581077
437,equalized_odds,False,compas_race,ExponentiatedGradientReduction,32.34341252699784,0.9316729603080928
438,equalized_odds,False,compas_race,FAGTB,33.26133909287256,4.557045942977159
439,equalized_odds,False,compas_race,RejectOptionClassification,44.11447084233261,5.4750556849671215
440,equalized_odds,False,compas_race,EqOddsPostprocessing,34.93520518358531,3.3245317439884654
441,equalized_odds,False,compas_race,CalibratedEqOddsPostprocessing,33.26133909287256,32.62308100987508
442,equalized_odds,False,compas_race,JiangNachum,34.881209503239745,1.1507666685903937
443,equalized_odds,True,implicit10,LFR,48.59749144811859,0.0
444,equalized_odds,True,implicit10,Reweighing,28.734321550741157,13.49544111640528
445,equalized_odds,True,implicit10,Fair-SMOTE,28.75712656784492,14.468275399869636
446,equalized_odds,True,implicit10,FairSSL-LS,28.80273660205245,12.988431622039332
447,equalized_odds,True,implicit10,FairSSL-CT,29.80615735461801,15.991610591185596
448,equalized_odds,True,implicit10,FairSSL-LP,29.076396807297613,11.027645120983411
449,equalized_odds,True,implicit10,FairSSL-ST,29.076396807297613,20.483393475239417
450,equalized_odds,True,implicit10,GridSearchReduction,28.75712656784492,12.530334190244892
451,equalized_odds,True,implicit10,ExponentiatedGradientReduction,31.69897377423034,1.5242257020972747
452,equalized_odds,True,implicit10,FAGTB,38.44925883694412,3.0074498461450383
453,equalized_odds,True,implicit10,RejectOptionClassification,29.099201824401362,5.647545900729156
454,equalized_odds,True,implicit10,EqOddsPostprocessing,32.63397947548461,2.434176761192025
455,equalized_odds,True,implicit10,CalibratedEqOddsPostprocessing,29.441277080957803,22.281098745830345
456,equalized_odds,True,implicit10,JiangNachum,35.986316989737745,1.448665430327585
457,equalized_odds,False,implicit10,LFR,48.73432155074116,0.2132188923302413
458,equalized_odds,False,implicit10,Reweighing,29.304446978335235,6.828930816473658
459,equalized_odds,False,implicit10,Fair-SMOTE,29.167616875712653,7.71595924044155
460,equalized_odds,False,implicit10,FairSSL-LS,30.102622576966937,3.4083286825147967
461,equalized_odds,False,implicit10,FairSSL-CT,30.353477765108323,2.1261599650603618
462,equalized_odds,False,implicit10,FairSSL-LP,29.076396807297613,1.90308749044856
463,equalized_odds,False,implicit10,FairSSL-ST,29.555302166476622,2.311656574262069
464,equalized_odds,False,implicit10,GridSearchReduction,28.80273660205245,19.23888450655493
465,equalized_odds,False,implicit10,ExponentiatedGradientReduction,29.39566704675029,2.2123680990127683
466,equalized_odds,False,implicit10,FAGTB,37.46864310148232,3.543453219555792
467,equalized_odds,False,implicit10,RejectOptionClassification,29.258836944127708,6.239945981315792
468,equalized_odds,False,implicit10,EqOddsPostprocessing,32.17787913340935,4.232349138425951
469,equalized_odds,False,implicit10,CalibratedEqOddsPostprocessing,29.486887115165345,24.180580098308496
470,equalized_odds,False,implicit10,JiangNachum,29.714937286202968,1.7011243342671734
471,equalized_odds,True,implicit20,LFR,41.31125226860254,19.30748438907196
472,equalized_odds,True,implicit20,Reweighing,29.28765880217786,22.87024937452566
473,equalized_odds,True,implicit20,Fair-SMOTE,29.28765880217786,22.87024937452566
474,equalized_odds,True,implicit20,FairSSL-LS,31.556261343012707,0.4678601588516129
475,equalized_odds,True,implicit20,FairSSL-CT,31.10254083484574,0.454720452940871
476,equalized_odds,True,implicit20,FairSSL-LP,32.509074410163336,4.522947328371171
477,equalized_odds,True,implicit20,FairSSL-ST,32.98548094373865,8.887925033330168
478,equalized_odds,True,implicit20,GridSearchReduction,34.75499092558984,23.048116669442678
479,equalized_odds,True,implicit20,ExponentiatedGradientReduction,31.669691470054445,0.2276173790241281
480,equalized_odds,True,implicit20,FAGTB,40.3584392014519,1.9853738408988408
481,equalized_odds,True,implicit20,RejectOptionClassification,47.11887477313974,5.087319665907364
482,equalized_odds,True,implicit20,EqOddsPostprocessing,36.25226860254084,2.149844292556049
483,equalized_odds,True,implicit20,CalibratedEqOddsPostprocessing,29.582577132486392,26.145809163289517
484,equalized_odds,True,implicit20,JiangNachum,30.96642468239564,0.9604088006342908
485,equalized_odds,False,implicit20,LFR,50.43103448275862,0.6562490683191202
486,equalized_odds,False,implicit20,Reweighing,31.578947368421055,10.509067431039332
487,equalized_odds,False,implicit20,Fair-SMOTE,31.578947368421055,10.509067431039332
488,equalized_odds,False,implicit20,FairSSL-LS,32.05535390199637,9.895446622606157
489,equalized_odds,False,implicit20,FairSSL-CT,32.07803992740472,10.468472815816916
490,equalized_odds,False,implicit20,FairSSL-LP,32.57713248638838,9.81969359109095
491,equalized_odds,False,implicit20,FairSSL-ST,32.98548094373865,8.887925033330168
492,equalized_odds,False,implicit20,GridSearchReduction,28.94736842105263,32.46113841591505
493,equalized_odds,False,implicit20,ExponentiatedGradientReduction,30.852994555353902,0.5806695262272316
494,equalized_odds,False,implicit20,FAGTB,40.53992740471869,2.074269380603677
495,equalized_odds,False,implicit20,RejectOptionClassification,47.277676950998185,4.821564160971908
496,equalized_odds,False,implicit20,EqOddsPostprocessing,35.88929219600726,1.9557357771805532
497,equalized_odds,False,implicit20,CalibratedEqOddsPostprocessing,29.128856624319425,31.8249850699466
498,equalized_odds,False,implicit20,JiangNachum,30.62613430127041,2.578662237872595
499,equalized_odds,True,implicit30,LFR,54.95272399819901,19.692816277759743
500,equalized_odds,True,implicit30,Reweighing,27.937865826204415,24.151732469242063
501,equalized_odds,True,implicit30,Fair-SMOTE,27.937865826204415,24.151732469242063
502,equalized_odds,True,implicit30,FairSSL-LS,30.144079243583974,16.308848486705113
503,equalized_odds,True,implicit30,FairSSL-CT,28.005402971634396,27.332220191810364
504,equalized_odds,True,implicit30,FairSSL-LP,31.15713642503377,12.108640002446592
505,equalized_odds,True,implicit30,FairSSL-ST,27.57766771724448,28.123578178512464
506,equalized_odds,True,implicit30,GridSearchReduction,32.64295362449347,4.766588969631366
507,equalized_odds,True,implicit30,ExponentiatedGradientReduction,34.28635749662314,0.7881975256521789
508,equalized_odds,True,implicit30,FAGTB,43.98919405673121,5.601712894379962
509,equalized_odds,True,implicit30,RejectOptionClassification,29.963980189104007,3.550642727925994
510,equalized_odds,True,implicit30,EqOddsPostprocessing,38.18099954975236,1.087489232722691
511,equalized_odds,True,implicit30,CalibratedEqOddsPostprocessing,26.857271499324625,45.8730629316492
512,equalized_odds,True,implicit30,JiangNachum,41.55785682125169,5.162456067243004
513,equalized_odds,False,implicit30,LFR,48.5141828005403,0.0
514,equalized_odds,False,implicit30,Reweighing,28.68077442593426,6.274019586292074
515,equalized_odds,False,implicit30,Fair-SMOTE,28.770823953174244,6.648058788928274
516,equalized_odds,False,implicit30,FairSSL-LS,32.64295362449347,14.000419548166354
517,equalized_odds,False,implicit30,FairSSL-CT,29.356145880234124,2.516066691462722
518,equalized_odds,False,implicit30,FairSSL-LP,32.64295362449347,11.068319214306474
519,equalized_odds,False,implicit30,FairSSL-ST,29.17604682575417,5.926839757535185
520,equalized_odds,False,implicit30,GridSearchReduction,26.632147681224666,45.22224588521711
521,equalized_odds,False,implicit30,ExponentiatedGradientReduction,30.12156686177397,1.337181901087997
522,equalized_odds,False,implicit30,FAGTB,40.882485366951826,7.897519021768673
523,equalized_odds,False,implicit30,RejectOptionClassification,29.53624493471409,3.727968617952437
524,equalized_odds,False,implicit30,EqOddsPostprocessing,39.26159387663215,2.1770633342636985
525,equalized_odds,False,implicit30,CalibratedEqOddsPostprocessing,26.834759117514622,49.34886144322213
526,equalized_odds,False,implicit30,JiangNachum,32.55290409725349,1.3435664010240538
527,equalized_odds,True,implicit40,LFR,50.420359009316066,0.0
528,equalized_odds,True,implicit40,Reweighing,31.333787775505556,6.002471444795837
529,equalized_odds,True,implicit40,Fair-SMOTE,31.333787775505556,6.002471444795837
530,equalized_odds,True,implicit40,FairSSL-LS,31.515564644398992,4.871194799033493
531,equalized_odds,True,implicit40,FairSSL-CT,30.99295614633037,6.509088994972625
532,equalized_odds,True,implicit40,FairSSL-LP,31.65189729606908,1.468669459838687
533,equalized_odds,True,implicit40,FairSSL-ST,31.333787775505556,6.002471444795837
534,equalized_odds,True,implicit40,GridSearchReduction,43.26289479663713,33.394131079154626
535,equalized_odds,True,implicit40,ExponentiatedGradientReduction,32.674392183594634,1.5407583513076195
536,equalized_odds,True,implicit40,FAGTB,46.51215632810724,13.112032399018608
537,equalized_odds,True,implicit40,RejectOptionClassification,46.034992047261994,5.078125
538,equalized_odds,True,implicit40,EqOddsPostprocessing,42.74028629856851,0.9291500270283136
539,equalized_odds,True,implicit40,CalibratedEqOddsPostprocessing,25.99409225176096,66.39875495350628
540,equalized_odds,True,implicit40,JiangNachum,44.30811179277438,2.9053210619294085
541,equalized_odds,False,implicit40,LFR,49.71597364235401,0.0824140805020356
542,equalized_odds,False,implicit40,Reweighing,30.629402408543513,5.914185509950428
543,equalized_odds,False,implicit40,Fair-SMOTE,28.470802090433992,16.862203710653702
544,equalized_odds,False,implicit40,FairSSL-LS,31.924562599409228,8.386655160045049
545,equalized_odds,False,implicit40,FairSSL-CT,33.24244489888662,9.67240938804362
546,equalized_odds,False,implicit40,FairSSL-LP,32.24267211997274,9.93561788556177
547,equalized_odds,False,implicit40,FairSSL-ST,31.856396273574177,0.4155084620543398
548,equalized_odds,False,implicit40,GridSearchReduction,26.10770279481936,65.14567784951966
549,equalized_odds,False,implicit40,ExponentiatedGradientReduction,32.083617359690976,2.4602165689706803
550,equalized_odds,False,implicit40,FAGTB,40.99068393546921,6.098663766281681
551,equalized_odds,False,implicit40,RejectOptionClassification,45.23971824585321,5.33783620356037
552,equalized_odds,False,implicit40,EqOddsPostprocessing,41.51329243353783,0.7289438907471885
553,equalized_odds,False,implicit40,CalibratedEqOddsPostprocessing,26.789366053169744,59.91443809221606
554,equalized_odds,False,implicit40,JiangNachum,36.90070438536696,3.481404487007779
555,equalized_odds,True,implicit50,LFR,48.76993166287016,0.0
556,equalized_odds,True,implicit50,Reweighing,29.886104783599095,13.919503086196668
557,equalized_odds,True,implicit50,Fair-SMOTE,29.954441913439638,14.443682801938673
558,equalized_odds,True,implicit50,FairSSL-LS,30.66059225512528,9.309114598177407
559,equalized_odds,True,implicit50,FairSSL-CT,32.938496583143504,3.477848569023717
560,equalized_odds,True,implicit50,FairSSL-LP,30.842824601366743,8.42887657975249
561,equalized_odds,True,implicit50,FairSSL-ST,30.0,14.894638473964822
562,equalized_odds,True,implicit50,GridSearchReduction,30.068337129840543,13.847672713304664
563,equalized_odds,True,implicit50,ExponentiatedGradientReduction,33.4624145785877,1.8064948519642217
564,equalized_odds,True,implicit50,FAGTB,50.68337129840547,7.754518387409109
565,equalized_odds,True,implicit50,RejectOptionClassification,31.09339407744875,5.0816551949197954
566,equalized_odds,True,implicit50,EqOddsPostprocessing,44.85193621867881,1.2886913237238256
567,equalized_odds,True,implicit50,CalibratedEqOddsPostprocessing,23.21184510250569,77.04979633315449
568,equalized_odds,True,implicit50,JiangNachum,48.76993166287016,0.1311936904510758
569,equalized_odds,False,implicit50,LFR,51.23006833712984,0.0
570,equalized_odds,False,implicit50,Reweighing,32.642369020501135,5.110061915896313
571,equalized_odds,False,implicit50,Fair-SMOTE,33.14350797266515,6.757897249268435
572,equalized_odds,False,implicit50,FairSSL-LS,34.73804100227791,13.88071322474105
573,equalized_odds,False,implicit50,FairSSL-CT,36.127562642369014,20.684340149782056
574,equalized_odds,False,implicit50,FairSSL-LP,34.00911161731207,8.408461453931531
575,equalized_odds,False,implicit50,FairSSL-ST,36.605922551252846,22.39810926258596
576,equalized_odds,False,implicit50,GridSearchReduction,32.8246013667426,4.3436482681903
577,equalized_odds,False,implicit50,ExponentiatedGradientReduction,31.389521640091118,1.168072207854387
578,equalized_odds,False,implicit50,FAGTB,51.07061503416857,8.894640609063275
579,equalized_odds,False,implicit50,RejectOptionClassification,30.842824601366743,4.029439932335007
580,equalized_odds,False,implicit50,EqOddsPostprocessing,46.924829157175395,1.1437748854049552
581,equalized_odds,False,implicit50,CalibratedEqOddsPostprocessing,23.576309794988617,69.49138317358292
582,equalized_odds,False,implicit50,JiangNachum,38.35990888382688,4.902101289462349
583,equalized_odds,True,social10,LFR,38.94761029411765,2.617687480514144
584,equalized_odds,True,social10,Reweighing,28.67647058823529,2.9543215932011284
585,equalized_odds,True,social10,Fair-SMOTE,28.83731617647058,2.871956835848355
586,equalized_odds,True,social10,FairSSL-LS,28.90625,3.0010965734965147
587,equalized_odds,True,social10,FairSSL-CT,28.791360294117652,2.1791451926137038
588,equalized_odds,True,social10,FairSSL-LP,29.641544117647058,2.561405696895441
589,equalized_odds,True,social10,FairSSL-ST,28.262867647058826,2.5772302820922355
590,equalized_odds,True,social10,GridSearchReduction,28.653492647058826,2.9299084277989635
591,equalized_odds,True,social10,ExponentiatedGradientReduction,35.17922794117648,1.9594989990042584
592,equalized_odds,True,social10,FAGTB,37.45404411764706,1.4571637447409858
593,equalized_odds,True,social10,RejectOptionClassification,28.033088235294116,3.0234028872105414
594,equalized_odds,True,social10,EqOddsPostprocessing,29.733455882352942,2.280540412055826
595,equalized_odds,True,social10,CalibratedEqOddsPostprocessing,28.44669117647058,2.181174217985188
596,equalized_odds,True,social10,JiangNachum,36.25919117647059,1.0914459090717257
597,equalized_odds,False,social10,LFR,53.83731617647059,0.7114836545005054
598,equalized_odds,False,social10,Reweighing,27.918198529411768,4.353731071209735
599,equalized_odds,False,social10,Fair-SMOTE,28.079044117647058,3.604935392383268
600,equalized_odds,False,social10,FairSSL-LS,28.998161764705884,1.130917674969187
601,equalized_odds,False,social10,FairSSL-CT,29.090073529411768,2.867155687258369
602,equalized_odds,False,social10,FairSSL-LP,29.52665441176471,0.0325709801106327
603,equalized_odds,False,social10,FairSSL-ST,28.05606617647058,2.816004542838446
604,equalized_odds,False,social10,GridSearchReduction,28.216911764705884,12.825996882409132
605,equalized_odds,False,social10,ExponentiatedGradientReduction,27.941176470588232,2.822791038551034
606,equalized_odds,False,social10,FAGTB,37.13235294117647,2.2611634820020434
607,equalized_odds,False,social10,RejectOptionClassification,27.941176470588232,5.425070085547004
608,equalized_odds,False,social10,EqOddsPostprocessing,29.75643382352942,2.690476064132472
609,equalized_odds,False,social10,CalibratedEqOddsPostprocessing,28.079044117647058,12.687391503430344
610,equalized_odds,False,social10,JiangNachum,28.561580882352942,1.155375108521406
611,equalized_odds,True,social20,LFR,49.61659900766801,0.0
612,equalized_odds,True,social20,Reweighing,30.626973387460538,6.2370611468280295
613,equalized_odds,True,social20,Fair-SMOTE,30.581867388362653,5.806433394213584
614,equalized_odds,True,social20,FairSSL-LS,30.649526387009473,5.681864554049917
615,equalized_odds,True,social20,FairSSL-CT,30.266125394677488,5.683257372802451
616,equalized_odds,True,social20,FairSSL-LP,32.02525935949481,8.017375031865928
617,equalized_odds,True,social20,FairSSL-ST,30.153360396932797,5.964007126815163
618,equalized_odds,True,social20,GridSearchReduction,30.378890392422193,4.903021593104061
619,equalized_odds,True,social20,ExponentiatedGradientReduction,41.4298601714028,3.779449321608669
620,equalized_odds,True,social20,FAGTB,37.4830852503383,4.167487854523672
621,equalized_odds,True,social20,RejectOptionClassification,34.4384303112314,5.081459573708674
622,equalized_odds,True,social20,EqOddsPostprocessing,31.100586377988265,2.8739751234119315
623,equalized_odds,True,social20,CalibratedEqOddsPostprocessing,30.649526387009473,5.235654432247339
624,equalized_odds,True,social20,JiangNachum,37.00947225981055,4.039528775034756
625,equalized_odds,False,social20,LFR,49.61659900766801,0.0
626,equalized_odds,False,social20,Reweighing,29.52187640956248,2.7088631084915717
627,equalized_odds,False,social20,Fair-SMOTE,29.52187640956248,2.7088631084915717
628,equalized_odds,False,social20,FairSSL-LS,30.559314388813704,5.049571824561649
629,equalized_odds,False,social20,FairSSL-CT,29.476770410464596,2.2078243398082344
630,equalized_odds,False,social20,FairSSL-LP,31.8448353631033,6.766315778139139
631,equalized_odds,False,social20,FairSSL-ST,29.115922417681546,5.936732610352205
632,equalized_odds,False,social20,GridSearchReduction,27.830401443391978,20.0634701965408
633,equalized_odds,False,social20,ExponentiatedGradientReduction,29.38655841226884,4.668318542055294
634,equalized_odds,False,social20,FAGTB,37.054578258908435,1.6379359048276698
635,equalized_odds,False,social20,RejectOptionClassification,29.16102841677943,6.472216293144017
636,equalized_odds,False,social20,EqOddsPostprocessing,32.8597203428056,2.376735053648513
637,equalized_odds,False,social20,CalibratedEqOddsPostprocessing,28.168696436626078,26.34536210395692
638,equalized_odds,False,social20,JiangNachum,29.950383400992337,2.1345684817589765
639,equalized_odds,True,social30,LFR,40.76273121717286,6.5343600016583085
640,equalized_odds,True,social30,Reweighing,30.554921214889248,9.950800188934576
641,equalized_odds,True,social30,Fair-SMOTE,30.646266270838098,10.002355151900607
642,equalized_odds,True,social30,FairSSL-LS,30.71477506279973,10.851220875640394
643,equalized_odds,True,social30,FairSSL-CT,30.691938798812515,10.68744170841748
644,equalized_odds,True,social30,FairSSL-LP,30.50924868691483,11.653226295843996
645,equalized_odds,True,social30,FairSSL-ST,30.440739894953182,11.497858154999197
646,equalized_odds,True,social30,GridSearchReduction,31.17150034254395,10.874076658212692
647,equalized_odds,True,social30,ExponentiatedGradientReduction,44.78191367892212,3.588191745062061
648,equalized_odds,True,social30,FAGTB,38.730303722311035,6.3174814406164845
649,equalized_odds,True,social30,RejectOptionClassification,40.511532313313545,6.033528397226145
650,equalized_odds,True,social30,EqOddsPostprocessing,31.605389358300982,3.1874202880270817
651,equalized_odds,True,social30,CalibratedEqOddsPostprocessing,31.125827814569533,4.637749535326138
652,equalized_odds,True,social30,JiangNachum,37.565654258963235,6.21453041956726
653,equalized_odds,False,social30,LFR,48.846768668645815,1.1333121209838648
654,equalized_odds,False,social30,Reweighing,29.276090431605382,1.5375835145980177
655,equalized_odds,False,social30,Fair-SMOTE,29.184745375656547,1.3754821390499827
656,equalized_odds,False,social30,FairSSL-LS,29.45878054350308,3.812270103771187
657,equalized_odds,False,social30,FairSSL-CT,28.95638273578443,1.3550760299860396
658,equalized_odds,False,social30,FairSSL-LP,29.504453071477514,3.3717896698260086
659,equalized_odds,False,social30,FairSSL-ST,27.357844256679613,25.2066940435484
660,equalized_odds,False,social30,GridSearchReduction,26.855446448960947,29.46105274101796
661,equalized_odds,False,social30,ExponentiatedGradientReduction,28.887873943822797,3.146323660836223
662,equalized_odds,False,social30,FAGTB,38.06805206668189,2.796253365294399
663,equalized_odds,False,social30,RejectOptionClassification,28.27129481616808,6.775881940947909
664,equalized_odds,False,social30,EqOddsPostprocessing,35.62457182005025,1.148429251176983
665,equalized_odds,False,social30,CalibratedEqOddsPostprocessing,26.786937656999314,30.379310713819187
666,equalized_odds,False,social30,JiangNachum,30.029687143183367,0.8189668536528014
667,equalized_odds,True,social40,LFR,48.50111856823266,0.8582685098197596
668,equalized_odds,True,social40,Reweighing,32.48322147651007,17.81993658562449
669,equalized_odds,True,social40,Fair-SMOTE,32.438478747203575,17.668218551078763
670,equalized_odds,True,social40,FairSSL-LS,35.659955257270695,17.428269145309113
671,equalized_odds,True,social40,FairSSL-CT,33.803131991051444,17.625656994038973
672,equalized_odds,True,social40,FairSSL-LP,35.659955257270695,17.428269145309113
673,equalized_odds,True,social40,FairSSL-ST,35.659955257270695,17.428269145309113
674,equalized_odds,True,social40,GridSearchReduction,32.259507829977636,17.405613851333285
675,equalized_odds,True,social40,ExponentiatedGradientReduction,49.17225950782998,6.298596815764252
676,equalized_odds,True,social40,FAGTB,39.977628635346754,7.9071131375821055
677,equalized_odds,True,social40,RejectOptionClassification,45.01118568232663,6.1241493903419695
678,equalized_odds,True,social40,EqOddsPostprocessing,32.192393736017905,2.466025028957425
679,equalized_odds,True,social40,CalibratedEqOddsPostprocessing,31.096196868008946,5.466405601550292
680,equalized_odds,True,social40,JiangNachum,38.74720357941834,8.475424226112771
681,equalized_odds,False,social40,LFR,49.53020134228188,0.0
682,equalized_odds,False,social40,Reweighing,28.299776286353477,1.114029250175694
683,equalized_odds,False,social40,Fair-SMOTE,28.232662192393732,0.9350331351951652
684,equalized_odds,False,social40,FairSSL-LS,35.659955257270695,17.428269145309113
685,equalized_odds,False,social40,FairSSL-CT,29.574944071588376,1.1924109551650797
686,equalized_odds,False,social40,FairSSL-LP,35.659955257270695,17.428269145309113
687,equalized_odds,False,social40,FairSSL-ST,35.659955257270695,17.428269145309113
688,equalized_odds,False,social40,GridSearchReduction,24.854586129753926,46.15805243745845
689,equalized_odds,False,social40,ExponentiatedGradientReduction,28.545861297539147,1.938730206578923
690,equalized_odds,False,social40,FAGTB,38.23266219239374,3.682733880138611
691,equalized_odds,False,social40,RejectOptionClassification,27.47203579418344,4.521550068929131
692,equalized_odds,False,social40,EqOddsPostprocessing,38.12080536912752,1.8268131547772737
693,equalized_odds,False,social40,CalibratedEqOddsPostprocessing,25.257270693512297,49.12527426304111
694,equalized_odds,False,social40,JiangNachum,32.79642058165548,2.101611647215096
695,equalized_odds,True,social50,LFR,51.14434624971674,2.62295807064305
696,equalized_odds,True,social50,Reweighing,31.611148878314083,19.725077073471518
697,equalized_odds,True,social50,Fair-SMOTE,31.70179016542035,19.850564906916667
698,equalized_odds,True,social50,FairSSL-LS,35.07817811012916,17.527414388442253
699,equalized_odds,True,social50,FairSSL-CT,31.951053704962604,19.94316456360895
700,equalized_odds,True,social50,FairSSL-LP,35.07817811012916,17.527414388442253
701,equalized_odds,True,social50,FairSSL-ST,32.88012689780196,20.324526750628003
702,equalized_odds,True,social50,GridSearchReduction,31.905733061409464,19.00485816186081
703,equalized_odds,True,social50,ExponentiatedGradientReduction,47.7906186267845,3.5754097436201038
704,equalized_odds,True,social50,FAGTB,40.58463630183549,8.007460028157642
705,equalized_odds,True,social50,RejectOptionClassification,46.227056424201216,4.552603700394601
706,equalized_odds,True,social50,EqOddsPostprocessing,30.206208928166774,4.169808182713106
707,equalized_odds,True,social50,CalibratedEqOddsPostprocessing,32.01903467029233,19.378860716094906
708,equalized_odds,True,social50,JiangNachum,40.04078857919783,10.531500827357632
709,equalized_odds,False,social50,LFR,41.332426920462275,10.12556685248121
710,equalized_odds,False,social50,Reweighing,26.35395422615001,4.357425561197637
711,equalized_odds,False,social50,Fair-SMOTE,26.693859052798558,3.436523552878161
712,equalized_odds,False,social50,FairSSL-LS,35.07817811012916,17.527414388442253
713,equalized_odds,False,social50,FairSSL-CT,26.64853840924542,4.111762244592586
714,equalized_odds,False,social50,FairSSL-LP,35.07817811012916,17.527414388442253
715,equalized_odds,False,social50,FairSSL-ST,23.272150464536594,32.47910350239098
716,equalized_odds,False,social50,GridSearchReduction,31.429866304101523,19.57916000271333
717,equalized_odds,False,social50,ExponentiatedGradientReduction,27.033763879447093,3.784940267169473
718,equalized_odds,False,social50,FAGTB,48.56106956718785,19.802464002579867
719,equalized_odds,False,social50,RejectOptionClassification,26.263312939043743,6.555168926867169
720,equalized_odds,False,social50,EqOddsPostprocessing,40.35803308406979,0.8549189076347857
721,equalized_odds,False,social50,CalibratedEqOddsPostprocessing,21.84455019261273,53.92337266801991
722,equalized_odds,False,social50,JiangNachum,31.180602764559268,3.576599142998718
723,treatment_equality,True,german,Reweighing,21.333333333333343,8.45410628019323
724,treatment_equality,True,german,Fair-SMOTE,30.33333333333333,17.91831357048748
725,treatment_equality,True,german,FairSSL-LS,38.0,1.0126582278481011
726,treatment_equality,True,german,FairSSL-CT,35.66666666666667,1.7214397496087637
727,treatment_equality,True,german,FairSSL-LP,36.0,1.282051282051283
728,treatment_equality,True,german,FairSSL-ST,35.33333333333334,2.2727272727272734
729,treatment_equality,True,german,GridSearchReduction,22.0,3.3594624860022404
730,treatment_equality,True,german,ExponentiatedGradientReduction,21.66666666666667,1.6018306636155557
731,treatment_equality,True,german,FAGTB,22.333333333333343,21.5633423180593
732,treatment_equality,True,german,RejectOptionClassification,37.66666666666667,3.1325301204819302
733,treatment_equality,True,german,EqOddsPostprocessing,22.333333333333343,0.877192982456132
734,treatment_equality,True,german,CalibratedEqOddsPostprocessing,21.0,26.315789473684216
735,treatment_equality,True,german,JiangNachum,22.0,3.3594624860022404
736,treatment_equality,False,german,LFR,20.0,0.0
737,treatment_equality,False,german,Reweighing,21.333333333333343,8.45410628019323
738,treatment_equality,False,german,Fair-SMOTE,30.0,14.990266060999351
739,treatment_equality,False,german,FairSSL-LS,36.33333333333333,7.992277992277991
740,treatment_equality,False,german,FairSSL-CT,35.66666666666667,5.318291700241742
741,treatment_equality,False,german,FairSSL-LP,33.66666666666667,3.620352250489237
742,treatment_equality,False,german,FairSSL-ST,34.66666666666667,16.431924882629108
743,treatment_equality,False,german,GridSearchReduction,22.0,3.3594624860022404
744,treatment_equality,False,german,ExponentiatedGradientReduction,22.0,3.3594624860022404
745,treatment_equality,False,german,FAGTB,22.333333333333343,17.78975741239892
746,treatment_equality,False,german,RejectOptionClassification,42.666666666666664,5.676328502415459
747,treatment_equality,False,german,EqOddsPostprocessing,23.33333333333333,6.000000000000005
748,treatment_equality,False,german,CalibratedEqOddsPostprocessing,21.0,26.315789473684216
749,treatment_equality,False,german,JiangNachum,22.0,3.3594624860022404
750,treatment_equality,True,communities,Reweighing,16.193656093489153,17.59504862953139
751,treatment_equality,True,communities,Fair-SMOTE,15.358931552587649,13.83647798742138
752,treatment_equality,True,communities,FairSSL-LS,22.704507512520863,25.02164502164502
753,treatment_equality,True,communities,FairSSL-CT,20.36727879799666,42.46808510638297
754,treatment_equality,True,communities,FairSSL-LP,21.535893155258762,17.60869565217391
755,treatment_equality,True,communities,FairSSL-ST,20.200333889816363,26.79255610290093
756,treatment_equality,True,communities,GridSearchReduction,21.368948247078464,56.57855657855657
757,treatment_equality,True,communities,ExponentiatedGradientReduction,26.54424040066779,66.65998396150762
758,treatment_equality,True,communities,FAGTB,17.529215358931552,12.46189024390244
759,treatment_equality,True,communities,RejectOptionClassification,57.92988313856428,0.0
760,treatment_equality,True,communities,EqOddsPostprocessing,28.380634390651082,51.77510505723808
761,treatment_equality,True,communities,CalibratedEqOddsPostprocessing,17.69616026711185,40.96256684491978
762,treatment_equality,True,communities,JiangNachum,14.85809682804674,7.142857142857145
763,treatment_equality,False,communities,LFR,39.56594323873121,0.0
764,treatment_equality,False,communities,Reweighing,17.028380634390643,48.30645161290322
765,treatment_equality,False,communities,Fair-SMOTE,18.19699499165276,32.255892255892256
766,treatment_equality,False,communities,FairSSL-LS,25.542570951585972,57.1055381400209
767,treatment_equality,False,communities,FairSSL-CT,22.537562604340565,52.02943800178412
768,treatment_equality,False,communities,FairSSL-LP,25.208681135225376,54.52593917710197
769,treatment_equality,False,communities,FairSSL-ST,22.537562604340565,55.33894550287993
770,treatment_equality,False,communities,GridSearchReduction,16.52754590984975,33.30457290767904
771,treatment_equality,False,communities,ExponentiatedGradientReduction,24.040066777963276,81.82533438237608
772,treatment_equality,False,communities,FAGTB,18.864774624373965,21.953578336557054
773,treatment_equality,False,communities,RejectOptionClassification,36.56093489148581,0.0
774,treatment_equality,False,communities,EqOddsPostprocessing,28.714524207011678,44.18604651162791
775,treatment_equality,False,communities,CalibratedEqOddsPostprocessing,16.193656093489153,56.505102040816325
776,treatment_equality,False,communities,JiangNachum,14.190317195325548,32.05128205128205
777,treatment_equality,True,compas_race,LFR,47.73218142548596,6.062765592419561
778,treatment_equality,True,compas_race,Reweighing,32.23542116630669,24.36991918659025
779,treatment_equality,True,compas_race,Fair-SMOTE,33.53131749460043,22.070707070707076
780,treatment_equality,True,compas_race,FairSSL-LS,33.36933045356372,24.26287504084185
781,treatment_equality,True,compas_race,FairSSL-CT,32.77537796976242,24.78184991273997
782,treatment_equality,True,compas_race,FairSSL-LP,31.857451403887694,23.495673792908217
783,treatment_equality,True,compas_race,FairSSL-ST,34.12526997840173,24.399776661083195
784,treatment_equality,True,compas_race,GridSearchReduction,34.50323974082073,15.34416524970086
785,treatment_equality,True,compas_race,ExponentiatedGradientReduction,44.97840172786177,8.469017718068534
786,treatment_equality,True,compas_race,FAGTB,34.665226781857456,15.841042893187558
787,treatment_equality,True,compas_race,RejectOptionClassification,44.600431965442766,1.9222851260936693
788,treatment_equality,True,compas_race,EqOddsPostprocessing,37.850971922246224,6.561310314298363
789,treatment_equality,True,compas_race,CalibratedEqOddsPostprocessing,31.749460043196535,24.54051383399209
790,treatment_equality,True,compas_race,JiangNachum,32.18142548596113,24.04693492347828
791,treatment_equality,False,compas_race,LFR,46.92224622030238,0.0307601301390122
792,treatment_equality,False,compas_race,Reweighing,31.749460043196535,0.389348025711661
793,treatment_equality,False,compas_race,Fair-SMOTE,32.77537796976242,1.0391604225384377
794,treatment_equality,False,compas_race,FairSSL-LS,32.991360691144706,0.1063829787234071
795,treatment_equality,False,compas_race,FairSSL-CT,32.93736501079914,3.947503683651438
796,treatment_equality,False,compas_race,FairSSL-LP,32.019438444924404,0.8511972221552422
797,treatment_equality,False,compas_race,FairSSL-ST,33.74730021598272,0.9796517273374716
798,treatment_equality,False,compas_race,GridSearchReduction,32.34341252699784,26.39166666666667
799,treatment_equality,False,compas_race,ExponentiatedGradientReduction,32.50539956803455,9.463833380242049
800,treatment_equality,False,compas_race,FAGTB,33.26133909287256,4.470883588931946
801,treatment_equality,False,compas_race,RejectOptionClassification,44.3304535637149,2.1275073496891013
802,treatment_equality,False,compas_race,EqOddsPostprocessing,35.96112311015118,4.833896175292549
803,treatment_equality,False,compas_race,CalibratedEqOddsPostprocessing,33.04535637149027,30.32849503437739
804,treatment_equality,False,compas_race,JiangNachum,32.34341252699784,26.39166666666667
805,treatment_equality,True,implicit10,Reweighing,28.734321550741157,10.478830645161285
806,treatment_equality,True,implicit10,Fair-SMOTE,28.643101482326117,10.850792410912424
807,treatment_equality,True,implicit10,FairSSL-LS,28.80273660205245,9.60993423659776
808,treatment_equality,True,implicit10,FairSSL-CT,29.646522234891677,15.010040160642571
809,treatment_equality,True,implicit10,FairSSL-LP,29.076396807297613,6.0934361337587175
810,treatment_equality,True,implicit10,FairSSL-ST,29.076396807297613,22.07233150215606
811,treatment_equality,True,implicit10,GridSearchReduction,28.893956670467503,9.249724621572724
812,treatment_equality,True,implicit10,ExponentiatedGradientReduction,32.51995438996579,12.812396032041324
813,treatment_equality,True,implicit10,FAGTB,38.44925883694412,4.783356088312907
814,treatment_equality,True,implicit10,RejectOptionClassification,29.441277080957803,9.55218855218855
815,treatment_equality,True,implicit10,EqOddsPostprocessing,32.7023945267959,9.072534669096504
816,treatment_equality,True,implicit10,CalibratedEqOddsPostprocessing,30.39908779931585,27.79800249012072
817,treatment_equality,True,implicit10,JiangNachum,28.80273660205245,20.356067449563387
818,treatment_equality,False,implicit10,LFR,49.89737742303306,0.3322846696709458
819,treatment_equality,False,implicit10,Reweighing,29.304446978335235,1.171869320577501
820,treatment_equality,False,implicit10,Fair-SMOTE,29.21322690992018,1.901438333113853
821,treatment_equality,False,implicit10,FairSSL-LS,29.94298745724059,16.879368396609777
822,treatment_equality,False,implicit10,FairSSL-CT,30.011402508551882,13.199896431510716
823,treatment_equality,False,implicit10,FairSSL-LP,29.099201824401362,11.094639279172968
824,treatment_equality,False,implicit10,FairSSL-ST,29.53249714937286,9.863388890744517
825,treatment_equality,False,implicit10,GridSearchReduction,28.80273660205245,20.193465823547125
826,treatment_equality,False,implicit10,ExponentiatedGradientReduction,29.920182440136827,14.17068120498895
827,treatment_equality,False,implicit10,FAGTB,37.46864310148232,11.944151330340592
828,treatment_equality,False,implicit10,RejectOptionClassification,29.60091220068415,6.661442006269591
829,treatment_equality,False,implicit10,EqOddsPostprocessing,32.10946408209806,7.399683124777706
830,treatment_equality,False,implicit10,CalibratedEqOddsPostprocessing,29.714937286202968,17.894277286135697
831,treatment_equality,False,implicit10,JiangNachum,28.80273660205245,20.193465823547125
832,treatment_equality,True,implicit20,Reweighing,29.28765880217786,17.73094923796951
833,treatment_equality,True,implicit20,Fair-SMOTE,29.28765880217786,17.73094923796951
834,treatment_equality,True,implicit20,FairSSL-LS,31.669691470054445,20.49681026626271
835,treatment_equality,True,implicit20,FairSSL-CT,30.76225045372051,17.136366801281156
836,treatment_equality,True,implicit20,FairSSL-LP,32.531760435571684,25.955457687915924
837,treatment_equality,True,implicit20,FairSSL-ST,32.98548094373865,32.72706630336058
838,treatment_equality,True,implicit20,GridSearchReduction,35.27676950998185,55.275768250612245
839,treatment_equality,True,implicit20,ExponentiatedGradientReduction,32.2141560798548,27.95157809897585
840,treatment_equality,True,implicit20,FAGTB,40.3584392014519,8.875940392772009
841,treatment_equality,True,implicit20,RejectOptionClassification,47.8448275862069,0.0
842,treatment_equality,True,implicit20,EqOddsPostprocessing,36.002722323049,21.70698625872727
843,treatment_equality,True,implicit20,CalibratedEqOddsPostprocessing,29.491833030853,30.12604296112196
844,treatment_equality,True,implicit20,JiangNachum,28.94736842105263,33.67903661833375
845,treatment_equality,False,implicit20,LFR,45.735027223230496,5.600696904724655
846,treatment_equality,False,implicit20,Reweighing,31.578947368421055,35.75146872908456
847,treatment_equality,False,implicit20,Fair-SMOTE,31.578947368421055,35.895301153794506
848,treatment_equality,False,implicit20,FairSSL-LS,32.03266787658802,34.68067987327117
849,treatment_equality,False,implicit20,FairSSL-CT,32.03266787658802,36.955091165896256
850,treatment_equality,False,implicit20,FairSSL-LP,32.59981851179673,34.312050307447315
851,treatment_equality,False,implicit20,FairSSL-ST,32.98548094373865,32.72706630336058
852,treatment_equality,False,implicit20,GridSearchReduction,33.166969147005446,48.768328445747805
853,treatment_equality,False,implicit20,ExponentiatedGradientReduction,31.238656987295826,30.64199293668362
854,treatment_equality,False,implicit20,FAGTB,40.53992740471869,6.877261621253828
855,treatment_equality,False,implicit20,RejectOptionClassification,47.77676950998185,0.0
856,treatment_equality,False,implicit20,EqOddsPostprocessing,36.88747731397459,20.12983770287141
857,treatment_equality,False,implicit20,CalibratedEqOddsPostprocessing,29.446460980036292,26.869878448105958
858,treatment_equality,False,implicit20,JiangNachum,28.94736842105263,34.03233217761811
859,treatment_equality,True,implicit30,LFR,53.69203061683926,45.17682937271311
860,treatment_equality,True,implicit30,Reweighing,27.937865826204415,5.863942609879119
861,treatment_equality,True,implicit30,Fair-SMOTE,27.937865826204415,5.863942609879119
862,treatment_equality,True,implicit30,FairSSL-LS,30.504277352543895,9.729303387629528
863,treatment_equality,True,implicit30,FairSSL-CT,28.072940117064377,9.407427986397288
864,treatment_equality,True,implicit30,FairSSL-LP,30.481764970733906,10.371272435225926
865,treatment_equality,True,implicit30,FairSSL-ST,27.397568662764513,12.559619300718945
866,treatment_equality,True,implicit30,GridSearchReduction,34.69158036920305,35.10738288948406
867,treatment_equality,True,implicit30,ExponentiatedGradientReduction,38.09095002251238,40.32103752524716
868,treatment_equality,True,implicit30,FAGTB,43.98919405673121,2.35417878688865
869,treatment_equality,True,implicit30,RejectOptionClassification,31.80999549752363,48.491940719604365
870,treatment_equality,True,implicit30,EqOddsPostprocessing,38.96893291310221,31.47231049237372
871,treatment_equality,True,implicit30,CalibratedEqOddsPostprocessing,26.834759117514622,42.96412032149543
872,treatment_equality,True,implicit30,JiangNachum,26.65466006303467,41.29680365296803
873,treatment_equality,False,implicit30,LFR,48.60423232778028,3.881617747130608
874,treatment_equality,False,implicit30,Reweighing,28.68077442593426,22.958318545683976
875,treatment_equality,False,implicit30,Fair-SMOTE,28.68077442593426,22.958318545683976
876,treatment_equality,False,implicit30,FairSSL-LS,32.57541647906349,51.84499447800948
877,treatment_equality,False,implicit30,FairSSL-CT,29.648806843764078,29.6374788533183
878,treatment_equality,False,implicit30,FairSSL-LP,32.687978388113464,47.8832183279816
879,treatment_equality,False,implicit30,FairSSL-ST,29.19855920756416,23.22724548904721
880,treatment_equality,False,implicit30,GridSearchReduction,32.102656461053584,51.17329886909295
881,treatment_equality,False,implicit30,ExponentiatedGradientReduction,32.30526789734354,50.9592521795888
882,treatment_equality,False,implicit30,FAGTB,40.882485366951826,16.257740445509018
883,treatment_equality,False,implicit30,RejectOptionClassification,31.900045024763628,47.62943432406519
884,treatment_equality,False,implicit30,EqOddsPostprocessing,38.24853669518235,32.197276234396824
885,treatment_equality,False,implicit30,CalibratedEqOddsPostprocessing,26.632147681224666,43.07397178814232
886,treatment_equality,False,implicit30,JiangNachum,26.632147681224666,43.12285938098587
887,treatment_equality,True,implicit40,LFR,48.60259032038174,0.4893258014819162
888,treatment_equality,True,implicit40,Reweighing,31.333787775505556,33.14184868576044
889,treatment_equality,True,implicit40,Fair-SMOTE,31.333787775505556,33.14184868576044
890,treatment_equality,True,implicit40,FairSSL-LS,31.492842535787318,35.35090203394912
891,treatment_equality,True,implicit40,FairSSL-CT,31.879118382185865,31.03805453805453
892,treatment_equality,True,implicit40,FairSSL-LP,31.629175187457392,41.11162263543295
893,treatment_equality,True,implicit40,FairSSL-ST,31.333787775505556,33.14184868576044
894,treatment_equality,True,implicit40,GridSearchReduction,31.333787775505556,33.14184868576044
895,treatment_equality,True,implicit40,ExponentiatedGradientReduction,36.05998636673483,53.24213054292821
896,treatment_equality,True,implicit40,FAGTB,46.51215632810724,20.859682417881064
897,treatment_equality,True,implicit40,RejectOptionClassification,47.26198591229266,0.0
898,treatment_equality,True,implicit40,EqOddsPostprocessing,42.0813451488298,40.81649363942097
899,treatment_equality,True,implicit40,CalibratedEqOddsPostprocessing,25.948648034537598,63.42887815351583
900,treatment_equality,True,implicit40,JiangNachum,25.76687116564416,67.02210056456755
901,treatment_equality,False,implicit40,LFR,51.533742331288344,13.552437353137014
902,treatment_equality,False,implicit40,Reweighing,30.629402408543513,33.16852071683577
903,treatment_equality,False,implicit40,Fair-SMOTE,29.447852760736197,23.076040391676862
904,treatment_equality,False,implicit40,FairSSL-LS,32.15178368552601,53.19618001423101
905,treatment_equality,False,implicit40,FairSSL-CT,33.628720745285165,53.69290038525042
906,treatment_equality,False,implicit40,FairSSL-LP,32.21995001136105,53.873060087544765
907,treatment_equality,False,implicit40,FairSSL-ST,31.856396273574177,40.62291317165334
908,treatment_equality,False,implicit40,GridSearchReduction,30.743012951601912,34.8829431438127
909,treatment_equality,False,implicit40,ExponentiatedGradientReduction,33.515110202226765,54.71221130121749
910,treatment_equality,False,implicit40,FAGTB,40.99068393546921,17.795026002051863
911,treatment_equality,False,implicit40,RejectOptionClassification,46.51215632810724,0.0
912,treatment_equality,False,implicit40,EqOddsPostprocessing,43.12656214496705,39.69860689408822
913,treatment_equality,False,implicit40,CalibratedEqOddsPostprocessing,26.493978641217907,55.966199139090186
914,treatment_equality,False,implicit40,JiangNachum,26.10770279481936,62.58006653779261
915,treatment_equality,True,implicit50,LFR,51.23006833712984,0.0
916,treatment_equality,True,implicit50,Reweighing,29.886104783599095,35.189053905518364
917,treatment_equality,True,implicit50,Fair-SMOTE,29.931662870159442,34.83041423408396
918,treatment_equality,True,implicit50,FairSSL-LS,30.888382687927106,41.26461988304093
919,treatment_equality,True,implicit50,FairSSL-CT,32.89293849658314,47.36055049398378
920,treatment_equality,True,implicit50,FairSSL-LP,30.865603644646924,42.23984276606223
921,treatment_equality,True,implicit50,FairSSL-ST,30.0,34.07208221098853
922,treatment_equality,True,implicit50,GridSearchReduction,29.954441913439638,34.30942114808098
923,treatment_equality,True,implicit50,ExponentiatedGradientReduction,36.90205011389521,65.32777290020486
924,treatment_equality,True,implicit50,FAGTB,50.68337129840547,14.688500847015607
925,treatment_equality,True,implicit50,RejectOptionClassification,34.73804100227791,65.2363259310464
926,treatment_equality,True,implicit50,EqOddsPostprocessing,45.30751708428246,51.1752915451895
927,treatment_equality,True,implicit50,CalibratedEqOddsPostprocessing,23.371298405466973,63.17878528656971
928,treatment_equality,True,implicit50,JiangNachum,22.984054669703866,68.8478588945482
929,treatment_equality,False,implicit50,LFR,48.76993166287016,0.0
930,treatment_equality,False,implicit50,Reweighing,32.642369020501135,57.837488263733874
931,treatment_equality,False,implicit50,Fair-SMOTE,33.34851936218679,60.392713155144094
932,treatment_equality,False,implicit50,FairSSL-LS,34.57858769931663,65.87210109706984
933,treatment_equality,False,implicit50,FairSSL-CT,36.01366742596811,71.13618153264318
934,treatment_equality,False,implicit50,FairSSL-LP,33.94077448747153,60.8932879968142
935,treatment_equality,False,implicit50,FairSSL-ST,36.0364464692483,73.34861329548507
936,treatment_equality,False,implicit50,GridSearchReduction,29.339407744874705,34.75081197992896
937,treatment_equality,False,implicit50,ExponentiatedGradientReduction,35.78587699316628,66.57620766015945
938,treatment_equality,False,implicit50,FAGTB,51.07061503416857,12.6718037768613
939,treatment_equality,False,implicit50,RejectOptionClassification,34.76082004555808,65.30899530594183
940,treatment_equality,False,implicit50,EqOddsPostprocessing,44.07744874715262,46.91405746682129
941,treatment_equality,False,implicit50,CalibratedEqOddsPostprocessing,23.781321184510247,40.08494052324833
942,treatment_equality,False,implicit50,JiangNachum,23.143507972665148,63.73138957816378
943,treatment_equality,True,social10,LFR,55.62959558823529,4.5983477560518455
944,treatment_equality,True,social10,Reweighing,28.67647058823529,15.06285714285715
945,treatment_equality,True,social10,Fair-SMOTE,28.83731617647058,14.888888888888893
946,treatment_equality,True,social10,FairSSL-LS,28.883272058823522,15.035239435763977
947,treatment_equality,True,social10,FairSSL-CT,29.319852941176478,11.89190387186856
948,treatment_equality,True,social10,FairSSL-LP,29.664522058823522,14.156269352446149
949,treatment_equality,True,social10,FairSSL-ST,28.377757352941174,14.256514940019516
950,treatment_equality,True,social10,GridSearchReduction,28.58455882352942,15.110252970536314
951,treatment_equality,True,social10,ExponentiatedGradientReduction,28.561580882352942,14.88090923212344
952,treatment_equality,True,social10,FAGTB,37.45404411764706,5.92663089188915
953,treatment_equality,True,social10,RejectOptionClassification,28.90625,15.415107695419156
954,treatment_equality,True,social10,EqOddsPostprocessing,29.664522058823522,5.924170616113744
955,treatment_equality,True,social10,CalibratedEqOddsPostprocessing,28.768382352941174,8.225897004032056
956,treatment_equality,True,social10,JiangNachum,28.561580882352942,15.042199554704087
957,treatment_equality,False,social10,LFR,50.505514705882355,0.0
958,treatment_equality,False,social10,Reweighing,27.918198529411768,2.212291047850312
959,treatment_equality,False,social10,Fair-SMOTE,28.170955882352942,4.40688430963958
960,treatment_equality,False,social10,FairSSL-LS,28.883272058823522,12.013235241996323
961,treatment_equality,False,social10,FairSSL-CT,28.83731617647058,3.862682771773685
962,treatment_equality,False,social10,FairSSL-LP,29.411764705882348,10.429363963119236
963,treatment_equality,False,social10,FairSSL-ST,28.079044117647058,5.01199522871349
964,treatment_equality,False,social10,GridSearchReduction,28.216911764705884,12.53359011701165
965,treatment_equality,False,social10,ExponentiatedGradientReduction,28.469669117647058,9.44374091271516
966,treatment_equality,False,social10,FAGTB,37.13235294117647,5.086259231082524
967,treatment_equality,False,social10,RejectOptionClassification,28.377757352941174,12.688172043010754
968,treatment_equality,False,social10,EqOddsPostprocessing,30.675551470588232,8.321547392949984
969,treatment_equality,False,social10,CalibratedEqOddsPostprocessing,28.58455882352942,14.13458530569825
970,treatment_equality,False,social10,JiangNachum,28.216911764705884,12.53359011701165
971,treatment_equality,True,social20,LFR,50.38340099233198,0.0
972,treatment_equality,True,social20,Reweighing,30.626973387460538,30.85958517747115
973,treatment_equality,True,social20,Fair-SMOTE,30.423996391520063,30.01688305407413
974,treatment_equality,True,social20,FairSSL-LS,30.67207938655841,30.0002595178159
975,treatment_equality,True,social20,FairSSL-CT,30.333784393324308,29.79311870782166
976,treatment_equality,True,social20,FairSSL-LP,32.002706359945876,32.78190559440559
977,treatment_equality,True,social20,FairSSL-ST,30.311231393775373,30.505952380952383
978,treatment_equality,True,social20,GridSearchReduction,30.514208389715833,31.11419456341229
979,treatment_equality,True,social20,ExponentiatedGradientReduction,30.559314388813704,30.294532904541526
980,treatment_equality,True,social20,FAGTB,37.4830852503383,13.22175037119332
981,treatment_equality,True,social20,RejectOptionClassification,30.288678394226437,28.519311972180823
982,treatment_equality,True,social20,EqOddsPostprocessing,30.80739738385205,19.62457081706137
983,treatment_equality,True,social20,CalibratedEqOddsPostprocessing,30.987821380243574,26.86400162750483
984,treatment_equality,True,social20,JiangNachum,30.581867388362653,30.730054259466023
985,treatment_equality,False,social20,LFR,50.04510599909788,9.40843616276097
986,treatment_equality,False,social20,Reweighing,29.52187640956248,16.728299948638934
987,treatment_equality,False,social20,Fair-SMOTE,29.544429409111416,17.094662638469288
988,treatment_equality,False,social20,FairSSL-LS,30.626973387460538,29.013534617386775
989,treatment_equality,False,social20,FairSSL-CT,29.206134415877315,17.22333072384626
990,treatment_equality,False,social20,FairSSL-LP,31.82228236355435,30.987743620655017
991,treatment_equality,False,social20,FairSSL-ST,29.16102841677943,11.559485915324409
992,treatment_equality,False,social20,GridSearchReduction,27.830401443391978,13.292879940107966
993,treatment_equality,False,social20,ExponentiatedGradientReduction,30.266125394677488,26.512109312532207
994,treatment_equality,False,social20,FAGTB,37.054578258908435,10.064505357739115
995,treatment_equality,False,social20,RejectOptionClassification,29.905277401894452,22.15124215124216
996,treatment_equality,False,social20,EqOddsPostprocessing,33.46865133062697,21.16055846422339
997,treatment_equality,False,social20,CalibratedEqOddsPostprocessing,28.552097428958064,16.169539254258954
998,treatment_equality,False,social20,JiangNachum,27.830401443391978,13.292879940107966
999,treatment_equality,True,social30,LFR,46.26627083809088,32.03078710200517
1000,treatment_equality,True,social30,Reweighing,30.554921214889248,44.50205614160559
1001,treatment_equality,True,social30,Fair-SMOTE,30.486412422927614,45.43642420378734
1002,treatment_equality,True,social30,FairSSL-LS,30.828956382735782,45.3030239704708
1003,treatment_equality,True,social30,FairSSL-CT,30.50924868691483,45.64609385504908
1004,treatment_equality,True,social30,FairSSL-LP,30.486412422927614,47.14696979223743
1005,treatment_equality,True,social30,FairSSL-ST,30.532084950902032,46.29841795520151
1006,treatment_equality,True,social30,GridSearchReduction,30.57775747887645,45.45645218151879
1007,treatment_equality,True,social30,ExponentiatedGradientReduction,30.646266270838098,45.1474037743896
1008,treatment_equality,True,social30,FAGTB,38.730303722311035,18.22264405648274
1009,treatment_equality,True,social30,RejectOptionClassification,30.737611326786947,45.155028476422935
1010,treatment_equality,True,social30,EqOddsPostprocessing,31.10299155058233,26.54010040195284
1011,treatment_equality,True,social30,CalibratedEqOddsPostprocessing,30.71477506279973,32.27052049726276
1012,treatment_equality,True,social30,JiangNachum,30.691938798812515,44.919421286247136
1013,treatment_equality,False,social30,LFR,49.9885818680064,0.7336239345822697
1014,treatment_equality,False,social30,Reweighing,29.276090431605382,27.275382638158664
1015,treatment_equality,False,social30,Fair-SMOTE,28.95638273578443,27.1012130637636
1016,treatment_equality,False,social30,FairSSL-LS,29.481616807490298,35.65986433773371
1017,treatment_equality,False,social30,FairSSL-CT,29.16190911166933,31.33166001925457
1018,treatment_equality,False,social30,FairSSL-LP,29.230417903630965,34.52702290076336
1019,treatment_equality,False,social30,FairSSL-ST,27.335007992692397,13.167537073756533
1020,treatment_equality,False,social30,GridSearchReduction,31.2400091345056,50.10775862068966
1021,treatment_equality,False,social30,ExponentiatedGradientReduction,30.23521351906828,40.466946496760045
1022,treatment_equality,False,social30,FAGTB,38.06805206668189,17.761038411556708
1023,treatment_equality,False,social30,RejectOptionClassification,30.098195935145014,36.01466902550494
1024,treatment_equality,False,social30,EqOddsPostprocessing,36.44667732358986,28.676197256752587
1025,treatment_equality,False,social30,CalibratedEqOddsPostprocessing,27.631879424526147,21.25956284153005
1026,treatment_equality,False,social30,JiangNachum,26.855446448960947,20.257418869670857
1027,treatment_equality,True,social40,LFR,35.90604026845638,59.50068788178993
1028,treatment_equality,True,social40,Reweighing,32.48322147651007,62.51963723295261
1029,treatment_equality,True,social40,Fair-SMOTE,32.460850111856814,62.6346845511022
1030,treatment_equality,True,social40,FairSSL-LS,35.659955257270695,59.96916598557824
1031,treatment_equality,True,social40,FairSSL-CT,33.803131991051444,60.17280293412328
1032,treatment_equality,True,social40,FairSSL-LP,35.659955257270695,59.96916598557824
1033,treatment_equality,True,social40,FairSSL-ST,35.659955257270695,59.96916598557824
1034,treatment_equality,True,social40,GridSearchReduction,32.41610738255034,62.570731800255295
1035,treatment_equality,True,social40,ExponentiatedGradientReduction,32.63982102908277,62.28375458047544
1036,treatment_equality,True,social40,FAGTB,39.977628635346754,20.007604387501157
1037,treatment_equality,True,social40,RejectOptionClassification,32.08053691275168,63.602150537634415
1038,treatment_equality,True,social40,EqOddsPostprocessing,32.192393736017905,40.96453270486419
1039,treatment_equality,True,social40,CalibratedEqOddsPostprocessing,31.81208053691276,46.55529880982527
1040,treatment_equality,True,social40,JiangNachum,32.63982102908277,62.28375458047544
1041,treatment_equality,False,social40,LFR,39.48545861297539,47.55300525189652
1042,treatment_equality,False,social40,Reweighing,28.299776286353477,40.36187647802893
1043,treatment_equality,False,social40,Fair-SMOTE,28.545861297539147,40.58336343020842
1044,treatment_equality,False,social40,FairSSL-LS,35.659955257270695,59.96916598557824
1045,treatment_equality,False,social40,FairSSL-CT,30.0,36.2971175166297
1046,treatment_equality,False,social40,FairSSL-LP,35.659955257270695,59.96916598557824
1047,treatment_equality,False,social40,FairSSL-ST,35.659955257270695,59.96916598557824
1048,treatment_equality,False,social40,GridSearchReduction,29.261744966442947,47.087759988029326
1049,treatment_equality,False,social40,ExponentiatedGradientReduction,31.767337807606268,60.5593345751529
1050,treatment_equality,False,social40,FAGTB,38.23266219239374,17.986504102446133
1051,treatment_equality,False,social40,RejectOptionClassification,31.006711409395976,57.881713375199176
1052,treatment_equality,False,social40,EqOddsPostprocessing,39.395973154362416,38.802323841561886
1053,treatment_equality,False,social40,CalibratedEqOddsPostprocessing,25.011185682326627,39.89266547406082
1054,treatment_equality,False,social40,JiangNachum,24.854586129753926,39.16564584184021
1055,treatment_equality,True,social50,Reweighing,31.611148878314083,71.67867859215569
1056,treatment_equality,True,social50,Fair-SMOTE,31.905733061409464,70.79455687707694
1057,treatment_equality,True,social50,FairSSL-LS,35.07817811012916,66.85051680708764
1058,treatment_equality,True,social50,FairSSL-CT,32.26829820983458,71.29450895376117
1059,treatment_equality,True,social50,FairSSL-LP,35.07817811012916,66.85051680708764
1060,treatment_equality,True,social50,FairSSL-ST,32.766825288919094,71.58240345318455
1061,treatment_equality,True,social50,GridSearchReduction,31.52050759120779,71.01487647068558
1062,treatment_equality,True,social50,ExponentiatedGradientReduction,31.76977113075006,70.51594599603668
1063,treatment_equality,True,social50,FAGTB,40.58463630183549,23.32196155638048
1064,treatment_equality,True,social50,RejectOptionClassification,31.79243145252663,71.11543080461642
1065,treatment_equality,True,social50,EqOddsPostprocessing,31.180602764559268,45.06913026933322
1066,treatment_equality,True,social50,CalibratedEqOddsPostprocessing,31.384545660548383,70.97387263382541
1067,treatment_equality,True,social50,JiangNachum,31.76977113075006,70.51594599603668
1068,treatment_equality,False,social50,LFR,48.53840924541129,8.393045904309702
1069,treatment_equality,False,social50,Reweighing,26.35395422615001,41.13473286287336
1070,treatment_equality,False,social50,Fair-SMOTE,26.62587808746885,42.21708255366627
1071,treatment_equality,False,social50,FairSSL-LS,35.07817811012916,66.85051680708764
1072,treatment_equality,False,social50,FairSSL-CT,26.535236800362554,39.57190737355271
1073,treatment_equality,False,social50,FairSSL-LP,35.07817811012916,66.85051680708764
1074,treatment_equality,False,social50,FairSSL-ST,23.272150464536594,6.005917159763319
1075,treatment_equality,False,social50,GridSearchReduction,26.217992295490603,40.32846933767462
1076,treatment_equality,False,social50,ExponentiatedGradientReduction,30.88601858146386,66.88515406162465
1077,treatment_equality,False,social50,FAGTB,48.56106956718785,25.6360575217237
1078,treatment_equality,False,social50,RejectOptionClassification,30.410151824155903,66.1082036067869
1079,treatment_equality,False,social50,EqOddsPostprocessing,40.403353727622935,46.74925180891768
1080,treatment_equality,False,social50,CalibratedEqOddsPostprocessing,21.8672105143893,44.61669974312053
1081,treatment_equality,False,social50,JiangNachum,21.753908905506464,44.507164567954845
